from,to,Gd-152,Gd-154,Gd-155,Gd-156,Gd-157,Gd-158,Gd-160
*,*,*,*,Ivuna,*,*,*,*
0,1,8.2176E-03,1.8698E-03,3.6902E-01,6.6927E-04,1.5274E+00,3.8463E-04,1.3560E-04
1,2,1.3952E-02,2.9808E-03,6.6756E-01,1.0187E-03,2.7588E+00,5.7404E-04,1.9281E-04
2,3,1.9608E-02,4.0617E-03,9.6866E-01,1.3544E-03,3.9987E+00,7.5535E-04,2.4351E-04
3,4,2.4721E-02,5.0434E-03,1.2410E+00,1.6188E-03,5.1227E+00,9.0932E-04,2.8880E-04
4,5,2.9669E-02,5.9509E-03,1.4981E+00,1.9251E-03,6.1901E+00,1.0527E-03,3.2764E-04
5,6,3.4392E-02,6.8245E-03,1.7653E+00,2.1664E-03,7.2909E+00,1.1858E-03,3.6251E-04
6,7,3.8596E-02,7.5377E-03,1.9740E+00,2.4039E-03,8.1514E+00,1.3248E-03,3.8699E-04
7,8,4.2562E-02,8.1923E-03,2.2104E+00,2.4638E-03,9.1322E+00,1.3935E-03,4.0564E-04
8,9,4.6189E-02,8.7145E-03,2.4259E+00,2.6319E-03,1.0020E+01,1.4326E-03,4.1725E-04
*,*,*,*,Mighei,*,*,*,*
0,1,1.5223E-01,2.3815E-02,8.9932E+00,4.8479E-03,3.7426E+01,3.0273E-03,7.4001E-04
1,2,2.8793E-01,4.3350E-02,1.7562E+01,7.9637E-03,7.2863E+01,5.0416E-03,1.1812E-03
2,3,4.1802E-01,6.2122E-02,2.5793E+01,1.0895E-02,1.0695E+02,6.9737E-03,1.5922E-03
3,4,5.4909E-01,8.0930E-02,3.4096E+01,1.3763E-02,1.4136E+02,8.8962E-03,1.9906E-03
4,5,6.7757E-01,9.9412E-02,4.2207E+01,1.6641E-02,1.7500E+02,1.0788E-02,2.3815E-03
5,6,8.0703E-01,1.1786E-01,5.0456E+01,1.9403E-02,2.0920E+02,1.2654E-02,2.7470E-03
6,7,9.3145E-01,1.3538E-01,5.8339E+01,2.1949E-02,2.4190E+02,1.4383E-02,3.0918E-03
7,8,1.0506E+00,1.5198E-01,6.5920E+01,2.4267E-02,2.7334E+02,1.5958E-02,3.4172E-03
8,9,1.1654E+00,1.6803E-01,7.3263E+01,2.6306E-02,3.0377E+02,1.7485E-02,3.7199E-03
9,10,1.2653E+00,1.8211E-01,7.9613E+01,2.8518E-02,3.3012E+02,1.8930E-02,3.9851E-03
10,11,1.3556E+00,1.9440E-01,8.5281E+01,3.0501E-02,3.5369E+02,1.9936E-02,4.2288E-03
11,12,1.4350E+00,2.0567E-01,9.0470E+01,3.1854E-02,3.7512E+02,2.1093E-02,4.4160E-03
12,13,1.5052E+00,2.1545E-01,9.5063E+01,3.3365E-02,3.9423E+02,2.1975E-02,4.5857E-03
13,14,1.5573E+00,2.2211E-01,9.8285E+01,3.4011E-02,4.0766E+02,2.2316E-02,4.7167E-03
14,15,1.5860E+00,2.2640E-01,1.0025E+02,3.3746E-02,4.1579E+02,2.2877E-02,4.7661E-03
15,16,1.5905E+00,2.2676E-01,1.0082E+02,3.5577E-02,4.1844E+02,2.3167E-02,4.7501E-03
*,*,*,*,Allende,*,*,*,*
0,2.5,5.5171E-01,1.5898E-01,1.3625E+01,6.9551E-02,5.4705E+01,3.9086E-02,7.9937E-03
2.5,5,1.2347E+00,3.5118E-01,3.1384E+01,1.5200E-01,1.2612E+02,8.5836E-02,1.7041E-02
5,7.5,1.9257E+00,5.4547E-01,4.9426E+01,2.3493E-01,1.9868E+02,1.3303E-01,2.5986E-02
7.5,10,2.6420E+00,7.4509E-01,6.8171E+01,3.2041E-01,2.7414E+02,1.8127E-01,3.5038E-02
10,12.5,3.3735E+00,9.4891E-01,8.7285E+01,4.0705E-01,3.5101E+02,2.3058E-01,4.4109E-02
12.5,15,4.1210E+00,1.1554E+00,1.0691E+02,4.9467E-01,4.2999E+02,2.8062E-01,5.3110E-02
15,17.5,4.8838E+00,1.3642E+00,1.2731E+02,5.8282E-01,5.1221E+02,3.3072E-01,6.2035E-02
17.5,20,5.6413E+00,1.5708E+00,1.4754E+02,6.6894E-01,5.9368E+02,3.8035E-01,7.0698E-02
20,22.5,6.3979E+00,1.7755E+00,1.6790E+02,7.5404E-01,6.7582E+02,4.2961E-01,7.9085E-02
22.5,25,7.1402E+00,1.9738E+00,1.8797E+02,8.3697E-01,7.5681E+02,4.7703E-01,8.7127E-02
25,27.5,7.8732E+00,2.1673E+00,2.0805E+02,9.1624E-01,8.3789E+02,5.2270E-01,9.4811E-02
27.5,30,8.5798E+00,2.3533E+00,2.2764E+02,9.9256E-01,9.1696E+02,5.6665E-01,1.0202E-01
30,32.5,9.2620E+00,2.5321E+00,2.4635E+02,1.0660E+00,9.9249E+02,6.0925E-01,1.0881E-01
32.5,35,9.9154E+00,2.7024E+00,2.6440E+02,1.1362E+00,1.0654E+03,6.4934E-01,1.1513E-01
35,37.5,1.0530E+01,2.8613E+00,2.8132E+02,1.2005E+00,1.1337E+03,6.8710E-01,1.2097E-01
37.5,40,1.1122E+01,3.0121E+00,2.9860E+02,1.2596E+00,1.2037E+03,7.2280E-01,1.2632E-01
40,42.5,1.1647E+01,3.1460E+00,3.1287E+02,1.3145E+00,1.2614E+03,7.5393E-01,1.3125E-01
42.5,45,1.2153E+01,3.2714E+00,3.2794E+02,1.3651E+00,1.3224E+03,7.8307E-01,1.3544E-01
45,47.5,1.2593E+01,3.3822E+00,3.4050E+02,1.4062E+00,1.3734E+03,8.0896E-01,1.3913E-01
47.5,50,1.2996E+01,3.4807E+00,3.5241E+02,1.4458E+00,1.4217E+03,8.3108E-01,1.4260E-01
50,52.5,1.3345E+01,3.5687E+00,3.6273E+02,1.4814E+00,1.4632E+03,8.5212E-01,1.4558E-01
52.5,55,1.3659E+01,3.6464E+00,3.7176E+02,1.5126E+00,1.4994E+03,8.7174E-01,1.4826E-01
55,57.5,1.3901E+01,3.7063E+00,3.7903E+02,1.5341E+00,1.5291E+03,8.8381E-01,1.5006E-01
57.5,60,1.4087E+01,3.7522E+00,3.8474E+02,1.5528E+00,1.5524E+03,8.9540E-01,1.5128E-01
60,62.5,1.4219E+01,3.7789E+00,3.8674E+02,1.5659E+00,1.5610E+03,9.0082E-01,1.5197E-01
62.5,65,1.4559E+01,3.8350E+00,4.0796E+02,1.5582E+00,1.6482E+03,9.1172E-01,1.5238E-01
*,*,*,*,Apollo-15 basic,*,*,*,*
0,2.933333333,5.2493E-01,1.4083E-01,1.3942E+01,5.8606E-02,5.6250E+01,3.3586E-02,6.1027E-03
2.933333333,5.866666667,8.9565E-01,2.3818E-01,2.4231E+01,9.8485E-02,9.7805E+01,5.6658E-02,1.0210E-02
5.866666667,8.8,1.2454E+00,3.3017E-01,3.3941E+01,1.3601E-01,1.3704E+02,7.8437E-02,1.4039E-02
8.8,11.73333333,1.5902E+00,4.2037E-01,4.3599E+01,1.7289E-01,1.7606E+02,9.9740E-02,1.7753E-02
11.73333333,14.66666667,1.9297E+00,5.0912E-01,5.3114E+01,2.0911E-01,2.1451E+02,1.2063E-01,2.1370E-02
14.66666667,17.6,2.2604E+00,5.9534E-01,6.2374E+01,2.4416E-01,2.5192E+02,1.4096E-01,2.4864E-02
17.6,20.53333333,2.5892E+00,6.7977E-01,7.1618E+01,2.7860E-01,2.8929E+02,1.6068E-01,2.8222E-02
20.53333333,23.46666667,2.9084E+00,7.6170E-01,8.0685E+01,3.1171E-01,3.2598E+02,1.7985E-01,3.1443E-02
23.46666667,26.4,3.2197E+00,8.4091E-01,8.9661E+01,3.4351E-01,3.6232E+02,1.9812E-01,3.4524E-02
26.4,29.33333333,3.5180E+00,9.1742E-01,9.8192E+01,3.7463E-01,3.9682E+02,2.1600E-01,3.7400E-02
29.33333333,32.26666667,3.8110E+00,9.9103E-01,1.0666E+02,4.0384E-01,4.3108E+02,2.3304E-01,4.0180E-02
32.26666667,35.2,4.0904E+00,1.0611E+00,1.1477E+02,4.3122E-01,4.6398E+02,2.4933E-01,4.2786E-02
35.2,38.13333333,4.3591E+00,1.1293E+00,1.2264E+02,4.5798E-01,4.9589E+02,2.6533E-01,4.5241E-02
38.13333333,41.06666667,4.6208E+00,1.1933E+00,1.3022E+02,4.8314E-01,5.2665E+02,2.7976E-01,4.7563E-02
41.06666667,44,4.8733E+00,1.2554E+00,1.3779E+02,5.0702E-01,5.5732E+02,2.9415E-01,4.9693E-02
44,46.93333333,5.1078E+00,1.3120E+00,1.4471E+02,5.2918E-01,5.8539E+02,3.0691E-01,5.1659E-02
46.93333333,49.86666667,5.3330E+00,1.3661E+00,1.5145E+02,5.4949E-01,6.1277E+02,3.1939E-01,5.3441E-02
49.86666667,52.8,5.5500E+00,1.4181E+00,1.5814E+02,5.6930E-01,6.3995E+02,3.3104E-01,5.5095E-02
52.8,55.73333333,5.7506E+00,1.4643E+00,1.6433E+02,5.8704E-01,6.6510E+02,3.4140E-01,5.6602E-02
55.73333333,58.66666667,5.9388E+00,1.5080E+00,1.7007E+02,6.0314E-01,6.8843E+02,3.5111E-01,5.7907E-02
58.66666667,61.6,6.1093E+00,1.5476E+00,1.7533E+02,6.1730E-01,7.0983E+02,3.6015E-01,5.9087E-02
61.6,64.53333333,6.2773E+00,1.5853E+00,1.8083E+02,6.3104E-01,7.3222E+02,3.6853E-01,6.0053E-02
64.53333333,67.46666667,6.4282E+00,1.6177E+00,1.8570E+02,6.4287E-01,7.5206E+02,3.7540E-01,6.0941E-02
67.46666667,70.4,6.5640E+00,1.6473E+00,1.9033E+02,6.5254E-01,7.7097E+02,3.8174E-01,6.1660E-02
70.4,73.33333333,6.6902E+00,1.6735E+00,1.9455E+02,6.6132E-01,7.8826E+02,3.8722E-01,6.2265E-02
73.33333333,76.26666667,6.7946E+00,1.6953E+00,1.9803E+02,6.6854E-01,8.0246E+02,3.9185E-01,6.2746E-02
76.26666667,79.2,6.8892E+00,1.7141E+00,2.0111E+02,6.7516E-01,8.1509E+02,3.9555E-01,6.3140E-02
79.2,82.13333333,6.9803E+00,1.7319E+00,2.0461E+02,6.7969E-01,8.2936E+02,3.9919E-01,6.3366E-02
82.13333333,85.06666667,7.0488E+00,1.7438E+00,2.0724E+02,6.8297E-01,8.4019E+02,4.0112E-01,6.3504E-02
85.06666667,88,7.1104E+00,1.7532E+00,2.0971E+02,6.8493E-01,8.5038E+02,4.0259E-01,6.3545E-02
88,90.93333333,7.1666E+00,1.7613E+00,2.1213E+02,6.8598E-01,8.6037E+02,4.0381E-01,6.3457E-02
90.93333333,93.86666667,7.2119E+00,1.7672E+00,2.1434E+02,6.8610E-01,8.6943E+02,4.0447E-01,6.3278E-02
93.86666667,96.8,7.2403E+00,1.7687E+00,2.1574E+02,6.8556E-01,8.7527E+02,4.0445E-01,6.3031E-02
96.8,99.73333333,7.2667E+00,1.7681E+00,2.1714E+02,6.8417E-01,8.8112E+02,4.0351E-01,6.2671E-02
99.73333333,102.6666667,7.2781E+00,1.7661E+00,2.1815E+02,6.8147E-01,8.8536E+02,4.0241E-01,6.2355E-02
102.6666667,105.6,7.2778E+00,1.7609E+00,2.1892E+02,6.7772E-01,8.8873E+02,4.0067E-01,6.1858E-02
105.6,108.5333333,7.2729E+00,1.7545E+00,2.1963E+02,6.7270E-01,8.9174E+02,3.9853E-01,6.1332E-02
108.5333333,111.4666667,7.2585E+00,1.7467E+00,2.1971E+02,6.6861E-01,8.9223E+02,3.9641E-01,6.0754E-02
111.4666667,114.4,7.2379E+00,1.7370E+00,2.1985E+02,6.6308E-01,8.9296E+02,3.9352E-01,6.0150E-02
114.4,117.3333333,7.2135E+00,1.7257E+00,2.2000E+02,6.5702E-01,8.9373E+02,3.9028E-01,5.9481E-02
117.3333333,120.2666667,7.1761E+00,1.7116E+00,2.1928E+02,6.5027E-01,8.9092E+02,3.8657E-01,5.8748E-02
120.2666667,123.2,7.1365E+00,1.6964E+00,2.1883E+02,6.4283E-01,8.8925E+02,3.8206E-01,5.8019E-02
123.2,126.1333333,7.0873E+00,1.6811E+00,2.1789E+02,6.3542E-01,8.8554E+02,3.7823E-01,5.7256E-02
126.1333333,129.0666667,7.0282E+00,1.6629E+00,2.1637E+02,6.2790E-01,8.7951E+02,3.7377E-01,5.6457E-02
129.0666667,132,6.9658E+00,1.6447E+00,2.1500E+02,6.1961E-01,8.7407E+02,3.6915E-01,5.5647E-02
132,134.9333333,6.9008E+00,1.6260E+00,2.1353E+02,6.1133E-01,8.6822E+02,3.6468E-01,5.4793E-02
134.9333333,137.8666667,6.8289E+00,1.6053E+00,2.1175E+02,6.0280E-01,8.6115E+02,3.5983E-01,5.3905E-02
137.8666667,140.8,6.7577E+00,1.5849E+00,2.1024E+02,5.9388E-01,8.5509E+02,3.5464E-01,5.3002E-02
140.8,143.7333333,6.6842E+00,1.5633E+00,2.0863E+02,5.8435E-01,8.4861E+02,3.4896E-01,5.2108E-02
143.7333333,146.6666667,6.6017E+00,1.5412E+00,2.0640E+02,5.7508E-01,8.3968E+02,3.4374E-01,5.1200E-02
146.6666667,149.6,6.5157E+00,1.5176E+00,2.0403E+02,5.6575E-01,8.3015E+02,3.3814E-01,5.0281E-02
149.6,152.5333333,6.4307E+00,1.4944E+00,2.0190E+02,5.5605E-01,8.2155E+02,3.3245E-01,4.9351E-02
152.5333333,155.4666667,6.3342E+00,1.4695E+00,1.9924E+02,5.4588E-01,8.1080E+02,3.2624E-01,4.8433E-02
155.4666667,158.4,6.2439E+00,1.4452E+00,1.9687E+02,5.3528E-01,8.0128E+02,3.2042E-01,4.7501E-02
158.4,161.3333333,6.1482E+00,1.4215E+00,1.9419E+02,5.2583E-01,7.9043E+02,3.1496E-01,4.6562E-02
161.3333333,164.2666667,6.0542E+00,1.3961E+00,1.9178E+02,5.1520E-01,7.8075E+02,3.0887E-01,4.5656E-02
164.2666667,167.2,5.9585E+00,1.3716E+00,1.8923E+02,5.0534E-01,7.7050E+02,3.0335E-01,4.4715E-02
167.2,170.1333333,5.8537E+00,1.3458E+00,1.8603E+02,4.9502E-01,7.5753E+02,2.9744E-01,4.3797E-02
170.1333333,173.0666667,5.7570E+00,1.3207E+00,1.8343E+02,4.8504E-01,7.4700E+02,2.9146E-01,4.2891E-02
173.0666667,176,5.6588E+00,1.2961E+00,1.8077E+02,4.7464E-01,7.3623E+02,2.8557E-01,4.1988E-02
176,178.9333333,5.5552E+00,1.2699E+00,1.7764E+02,4.6471E-01,7.2358E+02,2.7955E-01,4.1071E-02
178.9333333,181.8666667,5.4564E+00,1.2450E+00,1.7495E+02,4.5503E-01,7.1270E+02,2.7380E-01,4.0154E-02
181.8666667,184.8,5.3512E+00,1.2202E+00,1.7176E+02,4.4516E-01,6.9971E+02,2.6843E-01,3.9258E-02
184.8,187.7333333,5.2475E+00,1.1946E+00,1.6864E+02,4.3527E-01,6.8712E+02,2.6256E-01,3.8396E-02
187.7333333,190.6666667,5.1427E+00,1.1696E+00,1.6544E+02,4.2582E-01,6.7412E+02,2.5682E-01,3.7546E-02
190.6666667,193.6,5.0372E+00,1.1447E+00,1.6216E+02,4.1629E-01,6.6078E+02,2.5113E-01,3.6678E-02
193.6,196.5333333,4.9340E+00,1.1202E+00,1.5917E+02,4.0713E-01,6.4865E+02,2.4547E-01,3.5842E-02
196.5333333,199.4666667,4.8340E+00,1.0957E+00,1.5628E+02,3.9726E-01,6.3690E+02,2.3986E-01,3.4999E-02
199.4666667,202.4,4.7364E+00,1.0719E+00,1.5335E+02,3.8846E-01,6.2495E+02,2.3447E-01,3.4202E-02
202.4,205.3333333,4.6376E+00,1.0485E+00,1.5046E+02,3.7992E-01,6.1326E+02,2.2913E-01,3.3407E-02
205.3333333,208.2666667,4.5362E+00,1.0244E+00,1.4720E+02,3.7099E-01,5.9999E+02,2.2367E-01,3.2593E-02
208.2666667,211.2,4.4407E+00,1.0021E+00,1.4425E+02,3.6251E-01,5.8804E+02,2.1867E-01,3.1784E-02
211.2,214.1333333,4.3434E+00,9.7894E-01,1.4119E+02,3.5377E-01,5.7558E+02,2.1344E-01,3.1017E-02
214.1333333,217.0666667,4.2478E+00,9.5651E-01,1.3826E+02,3.4489E-01,5.6372E+02,2.0838E-01,3.0290E-02
217.0666667,220,4.1553E+00,9.3477E-01,1.3543E+02,3.3700E-01,5.5217E+02,2.0362E-01,2.9549E-02
220,222.9333333,4.0565E+00,9.1225E-01,1.3236E+02,3.2848E-01,5.3966E+02,1.9857E-01,2.8838E-02
222.9333333,225.8666667,3.9669E+00,8.9064E-01,1.2948E+02,3.2048E-01,5.2794E+02,1.9367E-01,2.8110E-02
225.8666667,228.8,3.8774E+00,8.6948E-01,1.2680E+02,3.1264E-01,5.1704E+02,1.8886E-01,2.7418E-02
228.8,231.7333333,3.7872E+00,8.4920E-01,1.2396E+02,3.0500E-01,5.0548E+02,1.8446E-01,2.6741E-02
231.7333333,234.6666667,3.6974E+00,8.2885E-01,1.2120E+02,2.9762E-01,4.9426E+02,1.8011E-01,2.6083E-02
234.6666667,237.6,3.6125E+00,8.0875E-01,1.1866E+02,2.9014E-01,4.8398E+02,1.7552E-01,2.5433E-02
237.6,240.5333333,3.5260E+00,7.8915E-01,1.1582E+02,2.8285E-01,4.7239E+02,1.7133E-01,2.4790E-02
240.5333333,243.4666667,3.4443E+00,7.6985E-01,1.1335E+02,2.7564E-01,4.6236E+02,1.6692E-01,2.4134E-02
243.4666667,246.4,3.3576E+00,7.5001E-01,1.1040E+02,2.6834E-01,4.5033E+02,1.6261E-01,2.3510E-02
246.4,249.3333333,3.2795E+00,7.3195E-01,1.0785E+02,2.6207E-01,4.4001E+02,1.5871E-01,2.2899E-02
249.3333333,252.2666667,3.1993E+00,7.1361E-01,1.0527E+02,2.5547E-01,4.2945E+02,1.5454E-01,2.2325E-02
252.2666667,255.2,3.1202E+00,6.9558E-01,1.0282E+02,2.4830E-01,4.1949E+02,1.5051E-01,2.1758E-02
255.2,258.1333333,3.0408E+00,6.7781E-01,1.0020E+02,2.4216E-01,4.0882E+02,1.4660E-01,2.1184E-02
258.1333333,261.0666667,2.9649E+00,6.6097E-01,9.7734E+01,2.3559E-01,3.9875E+02,1.4298E-01,2.0630E-02
261.0666667,264,2.8884E+00,6.4321E-01,9.5241E+01,2.2945E-01,3.8858E+02,1.3899E-01,2.0081E-02
264,266.9333333,2.8135E+00,6.2658E-01,9.2810E+01,2.2368E-01,3.7867E+02,1.3554E-01,1.9547E-02
266.9333333,269.8666667,2.7403E+00,6.1005E-01,9.0382E+01,2.1748E-01,3.6875E+02,1.3191E-01,1.9053E-02
269.8666667,272.8,2.6724E+00,5.9397E-01,8.8328E+01,2.1176E-01,3.6036E+02,1.2817E-01,1.8550E-02
272.8,275.7333333,2.6072E+00,5.7875E-01,8.6334E+01,2.0640E-01,3.5224E+02,1.2490E-01,1.8053E-02
275.7333333,278.6666667,2.5405E+00,5.6393E-01,8.4170E+01,2.0085E-01,3.4343E+02,1.2169E-01,1.7568E-02
278.6666667,281.6,2.4764E+00,5.4963E-01,8.2071E+01,1.9572E-01,3.3492E+02,1.1856E-01,1.7102E-02
281.6,284.5333333,2.4116E+00,5.3498E-01,7.9894E+01,1.9070E-01,3.2599E+02,1.1535E-01,1.6623E-02
284.5333333,287.4666667,2.3495E+00,5.2131E-01,7.7835E+01,1.8558E-01,3.1760E+02,1.1246E-01,1.6208E-02
287.4666667,290.4,2.2876E+00,5.0757E-01,7.5811E+01,1.8029E-01,3.0938E+02,1.0942E-01,1.5772E-02
290.4,293.3333333,2.2286E+00,4.9422E-01,7.3913E+01,1.7519E-01,3.0164E+02,1.0660E-01,1.5351E-02
*,*,*,*,Apollo-15,*,*,*,*
0,5.166667,4.8715E-01,1.3805E-01,1.1360E+01,5.9639E-02,4.5494E+01,3.4011E-02,6.2415E-03
5.166667,10.333333,1.0903E+00,3.0447E-01,2.6300E+01,1.3022E-01,1.0548E+02,7.4727E-02,1.3447E-02
10.333333,15.5,1.6554E+00,4.6072E-01,4.0160E+01,1.9636E-01,1.6112E+02,1.1289E-01,2.0092E-02
15.5,20.666667,2.2052E+00,6.1180E-01,5.3656E+01,2.6013E-01,2.1530E+02,1.4959E-01,2.6411E-02
20.666667,25.833333,2.7327E+00,7.5555E-01,6.6642E+01,3.2090E-01,2.6745E+02,1.8447E-01,3.2300E-02
25.833333,31,3.2363E+00,8.9167E-01,7.9368E+01,3.7774E-01,3.1867E+02,2.1728E-01,3.7758E-02
31,36.166667,3.7147E+00,1.0194E+00,9.1462E+01,4.3114E-01,3.6733E+02,2.4797E-01,4.2738E-02
36.166667,41.333333,4.1633E+00,1.1383E+00,1.0308E+02,4.7947E-01,4.1417E+02,2.7663E-01,4.7238E-02
41.333333,46.5,4.5782E+00,1.2464E+00,1.1365E+02,5.2403E-01,4.5671E+02,3.0246E-01,5.1231E-02
46.5,51.666667,4.9619E+00,1.3451E+00,1.2358E+02,5.6435E-01,4.9663E+02,3.2602E-01,5.4668E-02
51.666667,56.833333,5.3045E+00,1.4307E+00,1.3287E+02,5.9841E-01,5.3422E+02,3.4588E-01,5.7560E-02
56.833333,62,5.6093E+00,1.5061E+00,1.4117E+02,6.2689E-01,5.6791E+02,3.6360E-01,5.9970E-02
62,67.166667,5.8867E+00,1.5719E+00,1.4914E+02,6.5242E-01,6.0019E+02,3.7862E-01,6.1921E-02
67.166667,72.333333,6.1242E+00,1.6265E+00,1.5615E+02,6.7287E-01,6.2864E+02,3.9126E-01,6.3462E-02
72.333333,77.5,6.3173E+00,1.6696E+00,1.6204E+02,6.8801E-01,6.5261E+02,4.0077E-01,6.4490E-02
77.5,82.666667,6.4736E+00,1.7025E+00,1.6699E+02,6.9933E-01,6.7278E+02,4.0784E-01,6.5189E-02
82.666667,87.833333,6.5997E+00,1.7259E+00,1.7129E+02,7.0606E-01,6.9041E+02,4.1227E-01,6.5484E-02
87.833333,93,6.6905E+00,1.7423E+00,1.7459E+02,7.0988E-01,7.0396E+02,4.1553E-01,6.5467E-02
93,98.166667,6.7626E+00,1.7498E+00,1.7755E+02,7.1043E-01,7.1616E+02,4.1629E-01,6.5130E-02
98.166667,103.333333,6.7891E+00,1.7484E+00,1.7884E+02,7.0754E-01,7.2162E+02,4.1500E-01,6.4526E-02
103.333333,108.5,6.7909E+00,1.7410E+00,1.8009E+02,7.0194E-01,7.2699E+02,4.1244E-01,6.3737E-02
108.5,113.666667,6.7777E+00,1.7290E+00,1.8079E+02,6.9371E-01,7.3011E+02,4.0885E-01,6.2817E-02
113.666667,118.833333,6.7454E+00,1.7108E+00,1.8123E+02,6.8371E-01,7.3214E+02,4.0332E-01,6.1630E-02
118.833333,124,6.6781E+00,1.6869E+00,1.8032E+02,6.7225E-01,7.2864E+02,3.9696E-01,6.0407E-02
124,129.166667,6.6029E+00,1.6602E+00,1.7921E+02,6.5846E-01,7.2442E+02,3.8993E-01,5.8977E-02
129.166667,134.333333,6.4994E+00,1.6275E+00,1.7715E+02,6.4399E-01,7.1627E+02,3.8142E-01,5.7476E-02
134.333333,139.5,6.3976E+00,1.5939E+00,1.7536E+02,6.2891E-01,7.0935E+02,3.7257E-01,5.5914E-02
139.5,144.666667,6.2687E+00,1.5562E+00,1.7232E+02,6.1268E-01,6.9725E+02,3.6312E-01,5.4327E-02
144.666667,149.833333,6.1361E+00,1.5183E+00,1.6955E+02,5.9549E-01,6.8629E+02,3.5382E-01,5.2684E-02
149.833333,155,5.9887E+00,1.4767E+00,1.6617E+02,5.7765E-01,6.7279E+02,3.4359E-01,5.0992E-02
155,160.166667,5.8367E+00,1.4336E+00,1.6277E+02,5.5907E-01,6.5920E+02,3.3269E-01,4.9319E-02
160.166667,165.333333,5.6843E+00,1.3908E+00,1.5924E+02,5.4093E-01,6.4513E+02,3.2209E-01,4.7667E-02
165.333333,170.5,5.5213E+00,1.3470E+00,1.5506E+02,5.2332E-01,6.2834E+02,3.1162E-01,4.6001E-02
170.5,175.666667,5.3566E+00,1.3040E+00,1.5093E+02,5.0490E-01,6.1165E+02,3.0136E-01,4.4319E-02
175.666667,180.833333,5.1904E+00,1.2601E+00,1.4672E+02,4.8692E-01,5.9473E+02,2.9098E-01,4.2639E-02
180.833333,186,5.0227E+00,1.2158E+00,1.4245E+02,4.6910E-01,5.7754E+02,2.8020E-01,4.1016E-02
186,191.166667,4.8567E+00,1.1735E+00,1.3836E+02,4.5095E-01,5.6109E+02,2.6996E-01,3.9464E-02
191.166667,196.333333,4.6888E+00,1.1298E+00,1.3401E+02,4.3321E-01,5.4353E+02,2.5946E-01,3.7902E-02
196.333333,201.5,4.5206E+00,1.0867E+00,1.2944E+02,4.1592E-01,5.2510E+02,2.4928E-01,3.6392E-02
201.5,206.666667,4.3597E+00,1.0460E+00,1.2518E+02,3.9933E-01,5.0796E+02,2.3978E-01,3.4918E-02
206.666667,211.833333,4.1991E+00,1.0052E+00,1.2083E+02,3.8355E-01,4.9028E+02,2.3005E-01,3.3453E-02
211.833333,217,4.0352E+00,9.6489E-01,1.1623E+02,3.6786E-01,4.7167E+02,2.2076E-01,3.2051E-02
217,222.166667,3.8761E+00,9.2554E-01,1.1183E+02,3.5275E-01,4.5386E+02,2.1148E-01,3.0729E-02
222.166667,227.333333,3.7274E+00,8.8789E-01,1.0788E+02,3.3786E-01,4.3783E+02,2.0258E-01,2.9393E-02
227.333333,232.5,3.5771E+00,8.5131E-01,1.0389E+02,3.2318E-01,4.2169E+02,1.9416E-01,2.8111E-02
232.5,237.666667,3.4283E+00,8.1519E-01,9.9603E+01,3.0894E-01,4.0436E+02,1.8578E-01,2.6910E-02
237.666667,242.833333,3.2873E+00,7.8069E-01,9.5652E+01,2.9632E-01,3.8838E+02,1.7769E-01,2.5768E-02
242.833333,248,3.1486E+00,7.4730E-01,9.1687E+01,2.8291E-01,3.7234E+02,1.7000E-01,2.4628E-02
248,253.166667,3.0141E+00,7.1393E-01,8.7825E+01,2.7059E-01,3.5664E+02,1.6225E-01,2.3508E-02
253.166667,258.333333,2.8839E+00,6.8306E-01,8.4122E+01,2.5828E-01,3.4163E+02,1.5530E-01,2.2436E-02
258.333333,263.5,2.7611E+00,6.5316E-01,8.0776E+01,2.4684E-01,3.2809E+02,1.4836E-01,2.1410E-02
263.5,268.666667,2.6405E+00,6.2497E-01,7.7286E+01,2.3624E-01,3.1390E+02,1.4203E-01,2.0450E-02
268.666667,273.833333,2.5230E+00,5.9620E-01,7.4003E+01,2.2519E-01,3.0061E+02,1.3524E-01,1.9519E-02
273.833333,279,2.4151E+00,5.6977E-01,7.0858E+01,2.1515E-01,2.8788E+02,1.2917E-01,1.8635E-02
279,284.166667,2.3046E+00,5.4346E-01,6.7594E+01,2.0517E-01,2.7463E+02,1.2332E-01,1.7763E-02
284.166667,289.333333,2.1999E+00,5.1837E-01,6.4589E+01,1.9541E-01,2.6241E+02,1.1762E-01,1.6927E-02
289.333333,294.5,2.0998E+00,4.9466E-01,6.1823E+01,1.8576E-01,2.5119E+02,1.1222E-01,1.6118E-02
294.5,299.666667,2.0088E+00,4.7241E-01,5.9239E+01,1.7763E-01,2.4067E+02,1.0693E-01,1.5364E-02
299.666667,304.833333,1.9153E+00,4.5034E-01,5.6408E+01,1.6951E-01,2.2918E+02,1.0200E-01,1.4633E-02
304.833333,310,1.8275E+00,4.2911E-01,5.3918E+01,1.6117E-01,2.1914E+02,9.7198E-02,1.3956E-02
310,315.166667,1.7427E+00,4.0950E-01,5.1410E+01,1.5393E-01,2.0892E+02,9.2666E-02,1.3310E-02
315.166667,320.333333,1.6601E+00,3.9021E-01,4.8833E+01,1.4665E-01,1.9846E+02,8.8333E-02,1.2660E-02
320.333333,325.5,1.5864E+00,3.7218E-01,4.6826E+01,1.3995E-01,1.9032E+02,8.4031E-02,1.2094E-02
325.5,330.666667,1.5118E+00,3.5455E-01,4.4602E+01,1.3317E-01,1.8128E+02,8.0080E-02,1.1526E-02
330.666667,335.833333,1.4423E+00,3.3760E-01,4.2575E+01,1.2682E-01,1.7305E+02,7.6108E-02,1.0960E-02
335.833333,341,1.3688E+00,3.2085E-01,4.0365E+01,1.2032E-01,1.6406E+02,7.2417E-02,1.0433E-02
341,346.166667,1.3027E+00,3.0522E-01,3.8390E+01,1.1436E-01,1.5601E+02,6.8810E-02,9.9209E-03
346.166667,351.333333,1.2424E+00,2.9094E-01,3.6726E+01,1.0902E-01,1.4927E+02,6.5663E-02,9.4420E-03
351.333333,356.5,1.1865E+00,2.7705E-01,3.5255E+01,1.0359E-01,1.4329E+02,6.2368E-02,8.9746E-03
356.5,361.666667,1.1264E+00,2.6377E-01,3.3364E+01,9.8579E-02,1.3560E+02,5.9576E-02,8.5502E-03
361.666667,366.833333,1.0710E+00,2.5056E-01,3.1728E+01,9.3942E-02,1.2892E+02,5.6523E-02,8.1300E-03
366.833333,372,1.0201E+00,2.3910E-01,3.0272E+01,8.9538E-02,1.2302E+02,5.4040E-02,7.7290E-03
372,377.166667,9.6997E-01,2.2724E-01,2.8774E+01,8.5089E-02,1.1695E+02,5.1309E-02,7.3625E-03
377.166667,382.333333,9.2154E-01,2.1604E-01,2.7243E+01,8.1124E-02,1.1072E+02,4.8808E-02,6.9991E-03
382.333333,387.5,8.7620E-01,2.0544E-01,2.5884E+01,7.7347E-02,1.0520E+02,4.6438E-02,6.6555E-03
387.5,392.666667,8.3345E-01,1.9523E-01,2.4660E+01,7.3158E-02,1.0023E+02,4.4051E-02,6.3226E-03
392.666667,397.833333,7.9408E-01,1.8586E-01,2.3531E+01,6.9584E-02,9.5647E+01,4.1985E-02,6.0049E-03
397.833333,403,7.5563E-01,1.7662E-01,2.2418E+01,6.6148E-02,9.1134E+01,3.9862E-02,5.6988E-03
403,408.166667,7.1878E-01,1.6806E-01,2.1311E+01,6.2897E-02,8.6624E+01,3.7926E-02,5.4198E-03
408.166667,413.333333,6.8106E-01,1.5961E-01,2.0203E+01,5.9667E-02,8.2119E+01,3.6089E-02,5.1480E-03
413.333333,418.5,6.4924E-01,1.5166E-01,1.9257E+01,5.6663E-02,7.8297E+01,3.4178E-02,4.9001E-03
418.5,423.666667,6.1692E-01,1.4407E-01,1.8310E+01,5.3801E-02,7.4442E+01,3.2505E-02,4.6577E-03
423.666667,428.833333,5.8657E-01,1.3707E-01,1.7458E+01,5.1094E-02,7.0996E+01,3.0927E-02,4.4244E-03
428.833333,434,5.5801E-01,1.3027E-01,1.6627E+01,4.8491E-02,6.7620E+01,2.9366E-02,4.2090E-03
434,439.166667,5.2900E-01,1.2382E-01,1.5744E+01,4.5978E-02,6.4027E+01,2.7947E-02,3.9994E-03
439.166667,444.333333,5.0390E-01,1.1767E-01,1.4974E+01,4.3751E-02,6.0909E+01,2.6536E-02,3.7985E-03
444.333333,449.5,4.7920E-01,1.1178E-01,1.4256E+01,4.1578E-02,5.7995E+01,2.5205E-02,3.5970E-03
449.5,454.666667,4.5659E-01,1.0639E-01,1.3656E+01,3.9713E-02,5.5547E+01,2.3958E-02,3.4234E-03
454.666667,459.833333,4.3356E-01,1.0083E-01,1.2949E+01,3.7751E-02,5.2659E+01,2.2644E-02,3.2566E-03
459.833333,465,4.1054E-01,9.5521E-02,1.2236E+01,3.5733E-02,4.9756E+01,2.1470E-02,3.0947E-03
465,470.166667,3.9021E-01,9.0594E-02,1.1620E+01,3.3858E-02,4.7260E+01,2.0347E-02,2.9236E-03
470.166667,475.333333,3.6922E-01,8.6128E-02,1.0986E+01,3.2092E-02,4.4653E+01,1.9352E-02,2.7837E-03
475.333333,480.5,3.5165E-01,8.2074E-02,1.0433E+01,3.0624E-02,4.2387E+01,1.8513E-02,2.6528E-03
480.5,485.666667,3.3527E-01,7.7998E-02,9.9803E+00,2.9182E-02,4.0573E+01,1.7539E-02,2.5070E-03
485.666667,490.833333,3.1799E-01,7.4022E-02,9.4456E+00,2.7732E-02,3.8395E+01,1.6653E-02,2.3687E-03
490.833333,496,3.0197E-01,7.0458E-02,8.9795E+00,2.6394E-02,3.6499E+01,1.5907E-02,2.2560E-03
496,501.166667,2.8701E-01,6.6952E-02,8.5508E+00,2.4947E-02,3.4762E+01,1.5105E-02,2.1483E-03
501.166667,506.333333,2.7200E-01,6.3384E-02,8.0769E+00,2.3681E-02,3.2849E+01,1.4289E-02,2.0379E-03
506.333333,511.5,2.5794E-01,6.0072E-02,7.6664E+00,2.2332E-02,3.1180E+01,1.3554E-02,1.9300E-03
511.5,516.666667,2.4569E-01,5.7149E-02,7.3310E+00,2.1171E-02,2.9813E+01,1.2823E-02,1.8339E-03
*,*,*,*,Apollo-15 + 10% H2O,*,*,*,*
0,5.166667,6.7090E-01,9.2452E-02,4.3036E+01,1.2271E-02,1.7912E+02,8.4870E-03,1.8035E-03
5.166667,10.333333,2.1873E+00,2.9207E-01,1.4431E+02,3.2923E-02,5.9831E+02,2.3620E-02,4.9616E-03
10.333333,15.5,3.4784E+00,4.6108E-01,2.3060E+02,4.9964E-02,9.5607E+02,3.6231E-02,7.5312E-03
15.5,20.666667,4.5929E+00,6.0555E-01,3.0541E+02,6.3487E-02,1.2663E+03,4.6548E-02,9.6375E-03
20.666667,25.833333,5.5221E+00,7.2469E-01,3.6830E+02,7.3716E-02,1.5270E+03,5.4691E-02,1.1298E-02
25.833333,31,6.2488E+00,8.1726E-01,4.1761E+02,8.1510E-02,1.7315E+03,6.0806E-02,1.2531E-02
31,36.166667,6.8036E+00,8.8690E-01,4.5555E+02,8.6822E-02,1.8889E+03,6.4985E-02,1.3436E-02
36.166667,41.333333,7.2084E+00,9.3719E-01,4.8331E+02,9.0224E-02,2.0041E+03,6.7917E-02,1.4084E-02
41.333333,46.5,7.4901E+00,9.7243E-01,5.0292E+02,9.2668E-02,2.0853E+03,6.9997E-02,1.4482E-02
46.5,51.666667,7.6424E+00,9.9078E-01,5.1363E+02,9.3448E-02,2.1299E+03,7.0727E-02,1.4698E-02
51.666667,56.833333,7.7132E+00,9.9869E-01,5.1868E+02,9.3525E-02,2.1509E+03,7.0920E-02,1.4745E-02
56.833333,62,7.7232E+00,9.9881E-01,5.1981E+02,9.2914E-02,2.1555E+03,7.0556E-02,1.4692E-02
62,67.166667,7.6666E+00,9.9138E-01,5.1615E+02,9.1831E-02,2.1404E+03,6.9987E-02,1.4550E-02
67.166667,72.333333,7.5783E+00,9.7917E-01,5.1053E+02,8.9992E-02,2.1171E+03,6.8830E-02,1.4318E-02
72.333333,77.5,7.4502E+00,9.6199E-01,5.0205E+02,8.8463E-02,2.0819E+03,6.7509E-02,1.4038E-02
77.5,82.666667,7.3007E+00,9.4245E-01,4.9219E+02,8.6078E-02,2.0410E+03,6.6036E-02,1.3742E-02
82.666667,87.833333,7.1261E+00,9.1976E-01,4.8044E+02,8.4371E-02,1.9923E+03,6.4484E-02,1.3413E-02
87.833333,93,6.9392E+00,8.9514E-01,4.6794E+02,8.1581E-02,1.9405E+03,6.2531E-02,1.3021E-02
93,98.166667,6.7214E+00,8.6716E-01,4.5320E+02,7.9274E-02,1.8794E+03,6.0618E-02,1.2623E-02
98.166667,103.333333,6.5211E+00,8.4113E-01,4.3986E+02,7.6626E-02,1.8241E+03,5.8720E-02,1.2237E-02
103.333333,108.5,6.3085E+00,8.1338E-01,4.2553E+02,7.3849E-02,1.7646E+03,5.6644E-02,1.1820E-02
108.5,113.666667,6.0975E+00,7.8616E-01,4.1132E+02,7.1364E-02,1.7057E+03,5.4764E-02,1.1405E-02
113.666667,118.833333,5.8857E+00,7.5877E-01,3.9723E+02,6.8631E-02,1.6472E+03,5.2846E-02,1.0999E-02
118.833333,124,5.6707E+00,7.3063E-01,3.8261E+02,6.6320E-02,1.5866E+03,5.0748E-02,1.0594E-02
124,129.166667,5.4450E+00,7.0194E-01,3.6740E+02,6.3563E-02,1.5237E+03,4.8868E-02,1.0181E-02
129.166667,134.333333,5.2330E+00,6.7452E-01,3.5325E+02,6.1009E-02,1.4650E+03,4.6890E-02,9.7799E-03
134.333333,139.5,5.0255E+00,6.4759E-01,3.3917E+02,5.8715E-02,1.4065E+03,4.4940E-02,9.3974E-03
139.5,144.666667,4.8234E+00,6.2180E-01,3.2549E+02,5.6371E-02,1.3499E+03,4.3224E-02,9.0132E-03
144.666667,149.833333,4.6373E+00,5.9746E-01,3.1296E+02,5.4220E-02,1.2979E+03,4.1482E-02,8.6632E-03
149.833333,155,4.4393E+00,5.7197E-01,2.9950E+02,5.1873E-02,1.2421E+03,3.9751E-02,8.2851E-03
155,160.166667,4.2493E+00,5.4743E-01,2.8675E+02,4.9668E-02,1.1892E+03,3.7993E-02,7.9178E-03
160.166667,165.333333,4.0726E+00,5.2489E-01,2.7485E+02,4.7482E-02,1.1398E+03,3.6453E-02,7.6019E-03
165.333333,170.5,3.8920E+00,5.0161E-01,2.6269E+02,4.5313E-02,1.0894E+03,3.4874E-02,7.2719E-03
170.5,175.666667,3.7298E+00,4.8069E-01,2.5182E+02,4.3482E-02,1.0442E+03,3.3436E-02,6.9546E-03
175.666667,180.833333,3.5671E+00,4.5949E-01,2.4079E+02,4.1568E-02,9.9849E+02,3.1863E-02,6.6402E-03
180.833333,186,3.4080E+00,4.3881E-01,2.3002E+02,3.9567E-02,9.5390E+02,3.0388E-02,6.3531E-03
186,191.166667,3.2528E+00,4.1907E-01,2.1955E+02,3.7992E-02,9.1050E+02,2.9109E-02,6.0688E-03
191.166667,196.333333,3.1071E+00,4.0024E-01,2.0971E+02,3.6191E-02,8.6971E+02,2.7751E-02,5.7996E-03
196.333333,201.5,2.9637E+00,3.8189E-01,2.0000E+02,3.4607E-02,8.2935E+02,2.6562E-02,5.5263E-03
201.5,206.666667,2.8345E+00,3.6506E-01,1.9133E+02,3.2952E-02,7.9343E+02,2.5321E-02,5.2729E-03
206.666667,211.833333,2.7043E+00,3.4828E-01,1.8262E+02,3.1405E-02,7.5740E+02,2.4108E-02,5.0339E-03
211.833333,217,2.5811E+00,3.3259E-01,1.7429E+02,2.9937E-02,7.2284E+02,2.3098E-02,4.8155E-03
217,222.166667,2.4667E+00,3.1766E-01,1.6658E+02,2.8514E-02,6.9079E+02,2.1968E-02,4.5912E-03
222.166667,227.333333,2.3549E+00,3.0325E-01,1.5901E+02,2.7404E-02,6.5944E+02,2.1000E-02,4.3840E-03
227.333333,232.5,2.2442E+00,2.8893E-01,1.5151E+02,2.6047E-02,6.2832E+02,1.9986E-02,4.1729E-03
232.5,237.666667,2.1333E+00,2.7481E-01,1.4402E+02,2.4774E-02,5.9724E+02,1.9027E-02,3.9760E-03
237.666667,242.833333,2.0389E+00,2.6243E-01,1.3769E+02,2.3590E-02,5.7096E+02,1.8121E-02,3.7908E-03
242.833333,248,1.9424E+00,2.5015E-01,1.3117E+02,2.2594E-02,5.4394E+02,1.7350E-02,3.6144E-03
248,253.166667,1.8522E+00,2.3844E-01,1.2506E+02,2.1503E-02,5.1864E+02,1.6470E-02,3.4413E-03
253.166667,258.333333,1.7601E+00,2.2652E-01,1.1879E+02,2.0444E-02,4.9261E+02,1.5618E-02,3.2734E-03
258.333333,263.5,1.6764E+00,2.1576E-01,1.1320E+02,1.9338E-02,4.6941E+02,1.4864E-02,3.1176E-03
263.5,268.666667,1.5951E+00,2.0538E-01,1.0770E+02,1.8461E-02,4.4665E+02,1.4224E-02,2.9648E-03
268.666667,273.833333,1.5207E+00,1.9583E-01,1.0266E+02,1.7687E-02,4.2573E+02,1.3535E-02,2.8359E-03
273.833333,279,1.4446E+00,1.8612E-01,9.7542E+01,1.6739E-02,4.0451E+02,1.2929E-02,2.6877E-03
279,284.166667,1.3670E+00,1.7612E-01,9.2288E+01,1.5871E-02,3.8275E+02,1.2241E-02,2.5430E-03
284.166667,289.333333,1.3042E+00,1.6799E-01,8.8069E+01,1.5160E-02,3.6521E+02,1.1659E-02,2.4351E-03
289.333333,294.5,1.2400E+00,1.5969E-01,8.3730E+01,1.4382E-02,3.4725E+02,1.1053E-02,2.3111E-03
294.5,299.666667,1.1783E+00,1.5167E-01,7.9619E+01,1.3640E-02,3.3022E+02,1.0451E-02,2.1940E-03
299.666667,304.833333,1.1217E+00,1.4436E-01,7.5735E+01,1.2954E-02,3.1405E+02,9.9649E-03,2.0893E-03
304.833333,310,1.0635E+00,1.3689E-01,7.1824E+01,1.2234E-02,2.9786E+02,9.4603E-03,1.9774E-03
310,315.166667,1.0092E+00,1.3004E-01,6.8099E+01,1.1790E-02,2.8243E+02,9.0490E-03,1.8779E-03
315.166667,320.333333,9.6282E-01,1.2390E-01,6.5005E+01,1.1161E-02,2.6956E+02,8.5937E-03,1.7856E-03
320.333333,325.5,9.1335E-01,1.1769E-01,6.1669E+01,1.0570E-02,2.5575E+02,8.1767E-03,1.6993E-03
325.5,330.666667,8.6602E-01,1.1158E-01,5.8453E+01,1.0053E-02,2.4239E+02,7.7386E-03,1.6153E-03
330.666667,335.833333,8.2402E-01,1.0616E-01,5.5612E+01,9.5958E-03,2.3062E+02,7.3626E-03,1.5332E-03
335.833333,341,7.8503E-01,1.0115E-01,5.3016E+01,9.1692E-03,2.1986E+02,7.0135E-03,1.4629E-03
341,346.166667,7.4089E-01,9.5435E-02,4.9996E+01,8.6645E-03,2.0733E+02,6.6135E-03,1.3801E-03
346.166667,351.333333,7.0538E-01,9.0777E-02,4.7618E+01,8.2044E-03,1.9747E+02,6.2488E-03,1.3112E-03
351.333333,356.5,6.7000E-01,8.6282E-02,4.5218E+01,7.7906E-03,1.8753E+02,5.9559E-03,1.2475E-03
356.5,361.666667,6.3943E-01,8.2307E-02,4.3194E+01,7.4383E-03,1.7912E+02,5.6910E-03,1.1856E-03
361.666667,366.833333,6.0375E-01,7.7628E-02,4.0771E+01,7.0069E-03,1.6909E+02,5.3288E-03,1.1199E-03
366.833333,372,5.7430E-01,7.3875E-02,3.8760E+01,6.6419E-03,1.6073E+02,5.0782E-03,1.0673E-03
372,377.166667,5.4251E-01,6.9848E-02,3.6612E+01,6.3341E-03,1.5182E+02,4.8297E-03,1.0148E-03
377.166667,382.333333,5.1754E-01,6.6676E-02,3.4943E+01,6.0260E-03,1.4489E+02,4.6219E-03,9.6524E-04
382.333333,387.5,4.8839E-01,6.2871E-02,3.2959E+01,5.6593E-03,1.3670E+02,4.3464E-03,9.1014E-04
387.5,392.666667,4.6281E-01,5.9619E-02,3.1250E+01,5.4124E-03,1.2960E+02,4.1305E-03,8.6133E-04
392.666667,397.833333,4.4196E-01,5.6882E-02,2.9848E+01,5.1329E-03,1.2378E+02,3.9166E-03,8.1983E-04
397.833333,403,4.2190E-01,5.4213E-02,2.8506E+01,4.8347E-03,1.1821E+02,3.7148E-03,7.8016E-04
403,408.166667,3.9845E-01,5.1280E-02,2.6908E+01,4.6058E-03,1.1160E+02,3.5382E-03,7.4027E-04
408.166667,413.333333,3.7650E-01,4.8459E-02,2.5442E+01,4.3836E-03,1.0550E+02,3.3333E-03,7.0076E-04
413.333333,418.5,3.5673E-01,4.5918E-02,2.4096E+01,4.1560E-03,9.9919E+01,3.1664E-03,6.6501E-04
418.5,423.666667,3.4053E-01,4.3815E-02,2.3004E+01,3.9611E-03,9.5402E+01,3.0415E-03,6.2984E-04
423.666667,428.833333,3.2230E-01,4.1511E-02,2.1764E+01,3.7341E-03,9.0246E+01,2.8785E-03,5.9775E-04
428.833333,434,3.0444E-01,3.9243E-02,2.0556E+01,3.5185E-03,8.5249E+01,2.7512E-03,5.6537E-04
434,439.166667,2.8873E-01,3.7169E-02,1.9485E+01,3.3776E-03,8.0819E+01,2.5793E-03,5.4025E-04
439.166667,444.333333,2.7540E-01,3.5368E-02,1.8582E+01,3.1543E-03,7.7050E+01,2.4275E-03,5.0830E-04
444.333333,449.5,2.5905E-01,3.3341E-02,1.7485E+01,2.9576E-03,7.2511E+01,2.3106E-03,4.8124E-04
449.5,454.666667,2.4374E-01,3.1390E-02,1.6455E+01,2.8707E-03,6.8254E+01,2.1805E-03,4.5378E-04
454.666667,459.833333,2.3324E-01,3.0004E-02,1.5747E+01,2.6930E-03,6.5295E+01,2.0686E-03,4.3269E-04
459.833333,465,2.2054E-01,2.8434E-02,1.4894E+01,2.5452E-03,6.1777E+01,1.9888E-03,4.1030E-04
465,470.166667,2.1037E-01,2.7100E-02,1.4204E+01,2.4317E-03,5.8892E+01,1.8748E-03,3.8779E-04
470.166667,475.333333,1.9804E-01,2.5483E-02,1.3373E+01,2.2945E-03,5.5450E+01,1.7625E-03,3.6607E-04
475.333333,480.5,1.8754E-01,2.4141E-02,1.2677E+01,2.1489E-03,5.2571E+01,1.6777E-03,3.4632E-04
480.5,485.666667,1.7614E-01,2.2691E-02,1.1882E+01,2.0475E-03,4.9276E+01,1.5658E-03,3.2798E-04
485.666667,490.833333,1.6803E-01,2.1669E-02,1.1367E+01,1.9185E-03,4.7147E+01,1.5002E-03,3.1312E-04
490.833333,496,1.5923E-01,2.0483E-02,1.0757E+01,1.8013E-03,4.4613E+01,1.3972E-03,2.9774E-04
496,501.166667,1.5308E-01,1.9674E-02,1.0319E+01,1.7804E-03,4.2782E+01,1.3553E-03,2.8398E-04
501.166667,506.333333,1.4575E-01,1.8754E-02,9.8430E+00,1.6878E-03,4.0816E+01,1.2992E-03,2.7166E-04
506.333333,511.5,1.3690E-01,1.7636E-02,9.2398E+00,1.5902E-03,3.8318E+01,1.2191E-03,2.5555E-04
511.5,516.666667,1.3015E-01,1.6749E-02,8.7922E+00,1.4771E-03,3.6460E+01,1.1472E-03,2.4138E-04
*,*,*,*,Apollo-16,*,*,*,*
0,2.5,7.9527E-01,1.6908E-01,3.2695E+01,5.7195E-02,1.3359E+02,3.3655E-02,6.1190E-03
2.5,5,1.2370E+00,2.6144E-01,5.1321E+01,8.7665E-02,2.0961E+02,5.1752E-02,9.3692E-03
5,7.5,1.6535E+00,3.4891E-01,6.8817E+01,1.1668E-01,2.8104E+02,6.8963E-02,1.2438E-02
7.5,10,2.0594E+00,4.3374E-01,8.5905E+01,1.4482E-01,3.5082E+02,8.5502E-02,1.5413E-02
10,12.5,2.4652E+00,5.1805E-01,1.0305E+02,1.7274E-01,4.2085E+02,1.0198E-01,1.8304E-02
12.5,15,2.8627E+00,6.0055E-01,1.1980E+02,2.0003E-01,4.8930E+02,1.1813E-01,2.1120E-02
15,17.5,3.2534E+00,6.8155E-01,1.3632E+02,2.2663E-01,5.5675E+02,1.3393E-01,2.3851E-02
17.5,20,3.6381E+00,7.6124E-01,1.5268E+02,2.5274E-01,6.2363E+02,1.4952E-01,2.6527E-02
20,22.5,4.0118E+00,8.3872E-01,1.6849E+02,2.7784E-01,6.8826E+02,1.6461E-01,2.9071E-02
22.5,25,4.3817E+00,9.1434E-01,1.8409E+02,3.0269E-01,7.5200E+02,1.7903E-01,3.1581E-02
25,27.5,4.7427E+00,9.8793E-01,1.9951E+02,3.2612E-01,8.1503E+02,1.9308E-01,3.3979E-02
27.5,30,5.0994E+00,1.0601E+00,2.1498E+02,3.4919E-01,8.7819E+02,2.0685E-01,3.6259E-02
30,32.5,5.4440E+00,1.1299E+00,2.2984E+02,3.7138E-01,9.3898E+02,2.2007E-01,3.8457E-02
32.5,35,5.7803E+00,1.1968E+00,2.4437E+02,3.9234E-01,9.9841E+02,2.3257E-01,4.0536E-02
35,37.5,6.1057E+00,1.2612E+00,2.5852E+02,4.1256E-01,1.0563E+03,2.4455E-01,4.2520E-02
37.5,40,6.4177E+00,1.3243E+00,2.7194E+02,4.3210E-01,1.1112E+03,2.5684E-01,4.4392E-02
40,42.5,6.7307E+00,1.3857E+00,2.8573E+02,4.5126E-01,1.1675E+03,2.6831E-01,4.6176E-02
42.5,45,7.0298E+00,1.4441E+00,2.9883E+02,4.6868E-01,1.2210E+03,2.7915E-01,4.7835E-02
45,47.5,7.3222E+00,1.5003E+00,3.1192E+02,4.8530E-01,1.2747E+03,2.8948E-01,4.9384E-02
47.5,50,7.5953E+00,1.5530E+00,3.2413E+02,5.0097E-01,1.3246E+03,2.9908E-01,5.0821E-02
50,52.5,7.8595E+00,1.6037E+00,3.3600E+02,5.1620E-01,1.3732E+03,3.0824E-01,5.2189E-02
52.5,55,8.1127E+00,1.6516E+00,3.4752E+02,5.3062E-01,1.4204E+03,3.1681E-01,5.3434E-02
55,57.5,8.3541E+00,1.6967E+00,3.5845E+02,5.4350E-01,1.4652E+03,3.2484E-01,5.4578E-02
57.5,60,8.5922E+00,1.7395E+00,3.6959E+02,5.5513E-01,1.5108E+03,3.3208E-01,5.5632E-02
60,62.5,8.8102E+00,1.7781E+00,3.7967E+02,5.6623E-01,1.5521E+03,3.3857E-01,5.6583E-02
62.5,65,9.0108E+00,1.8143E+00,3.8901E+02,5.7575E-01,1.5904E+03,3.4467E-01,5.7402E-02
65,67.5,9.2091E+00,1.8493E+00,3.9849E+02,5.8415E-01,1.6292E+03,3.5063E-01,5.8121E-02
67.5,70,9.3940E+00,1.8812E+00,4.0746E+02,5.9239E-01,1.6660E+03,3.5572E-01,5.8731E-02
70,72.5,9.5632E+00,1.9096E+00,4.1563E+02,5.9963E-01,1.6995E+03,3.6017E-01,5.9302E-02
72.5,75,9.7252E+00,1.9370E+00,4.2354E+02,6.0593E-01,1.7319E+03,3.6457E-01,5.9771E-02
75,77.5,9.8779E+00,1.9615E+00,4.3124E+02,6.1086E-01,1.7635E+03,3.6809E-01,6.0184E-02
77.5,80,1.0008E+01,1.9815E+00,4.3765E+02,6.1564E-01,1.7898E+03,3.7081E-01,6.0499E-02
80,82.5,1.0126E+01,2.0007E+00,4.4354E+02,6.1887E-01,1.8140E+03,3.7372E-01,6.0756E-02
82.5,85,1.0238E+01,2.0176E+00,4.4927E+02,6.2224E-01,1.8376E+03,3.7616E-01,6.0890E-02
85,87.5,1.0330E+01,2.0300E+00,4.5410E+02,6.2435E-01,1.8575E+03,3.7743E-01,6.0948E-02
87.5,90,1.0420E+01,2.0425E+00,4.5906E+02,6.2585E-01,1.8779E+03,3.7868E-01,6.0983E-02
90,92.5,1.0487E+01,2.0516E+00,4.6270E+02,6.2667E-01,1.8930E+03,3.8003E-01,6.0895E-02
92.5,95,1.0561E+01,2.0590E+00,4.6710E+02,6.2655E-01,1.9110E+03,3.8008E-01,6.0764E-02
95,97.5,1.0613E+01,2.0635E+00,4.7030E+02,6.2600E-01,1.9243E+03,3.7983E-01,6.0603E-02
97.5,100,1.0656E+01,2.0672E+00,4.7305E+02,6.2538E-01,1.9356E+03,3.7981E-01,6.0385E-02
100,102.5,1.0692E+01,2.0688E+00,4.7573E+02,6.2290E-01,1.9467E+03,3.7906E-01,6.0114E-02
102.5,105,1.0720E+01,2.0679E+00,4.7797E+02,6.2046E-01,1.9560E+03,3.7786E-01,5.9782E-02
105,107.5,1.0725E+01,2.0647E+00,4.7885E+02,6.1806E-01,1.9598E+03,3.7646E-01,5.9455E-02
107.5,110,1.0737E+01,2.0618E+00,4.8064E+02,6.1465E-01,1.9671E+03,3.7498E-01,5.9044E-02
110,112.5,1.0741E+01,2.0570E+00,4.8184E+02,6.1066E-01,1.9720E+03,3.7304E-01,5.8651E-02
112.5,115,1.0732E+01,2.0501E+00,4.8250E+02,6.0643E-01,1.9749E+03,3.7065E-01,5.8190E-02
115,117.5,1.0719E+01,2.0428E+00,4.8281E+02,6.0187E-01,1.9763E+03,3.6856E-01,5.7676E-02
117.5,120,1.0690E+01,2.0322E+00,4.8240E+02,5.9692E-01,1.9748E+03,3.6573E-01,5.7126E-02
120,122.5,1.0662E+01,2.0217E+00,4.8225E+02,5.9164E-01,1.9743E+03,3.6273E-01,5.6561E-02
122.5,125,1.0623E+01,2.0095E+00,4.8139E+02,5.8593E-01,1.9710E+03,3.5982E-01,5.5990E-02
125,127.5,1.0574E+01,1.9947E+00,4.8012E+02,5.8025E-01,1.9658E+03,3.5600E-01,5.5371E-02
127.5,130,1.0523E+01,1.9806E+00,4.7861E+02,5.7405E-01,1.9598E+03,3.5272E-01,5.4721E-02
130,132.5,1.0463E+01,1.9655E+00,4.7663E+02,5.6799E-01,1.9518E+03,3.4934E-01,5.4078E-02
132.5,135,1.0406E+01,1.9499E+00,4.7506E+02,5.6196E-01,1.9455E+03,3.4547E-01,5.3427E-02
135,137.5,1.0341E+01,1.9337E+00,4.7311E+02,5.5494E-01,1.9375E+03,3.4188E-01,5.2759E-02
137.5,140,1.0269E+01,1.9168E+00,4.7055E+02,5.4801E-01,1.9271E+03,3.3840E-01,5.2086E-02
140,142.5,1.0188E+01,1.8970E+00,4.6777E+02,5.4098E-01,1.9159E+03,3.3375E-01,5.1359E-02
142.5,145,1.0106E+01,1.8771E+00,4.6485E+02,5.3306E-01,1.9040E+03,3.2945E-01,5.0605E-02
145,147.5,1.0015E+01,1.8569E+00,4.6127E+02,5.2604E-01,1.8895E+03,3.2525E-01,4.9874E-02
147.5,150,9.9211E+00,1.8355E+00,4.5756E+02,5.1893E-01,1.8743E+03,3.2077E-01,4.9171E-02
150,152.5,9.8248E+00,1.8135E+00,4.5395E+02,5.1131E-01,1.8596E+03,3.1612E-01,4.8402E-02
152.5,155,9.7258E+00,1.7924E+00,4.5021E+02,5.0333E-01,1.8443E+03,3.1196E-01,4.7629E-02
155,157.5,9.6218E+00,1.7695E+00,4.4610E+02,4.9577E-01,1.8275E+03,3.0719E-01,4.6898E-02
157.5,160,9.5132E+00,1.7459E+00,4.4170E+02,4.8805E-01,1.8095E+03,3.0241E-01,4.6164E-02
160,162.5,9.4005E+00,1.7226E+00,4.3710E+02,4.7999E-01,1.7908E+03,2.9775E-01,4.5417E-02
162.5,165,9.2838E+00,1.6984E+00,4.3225E+02,4.7194E-01,1.7711E+03,2.9291E-01,4.4673E-02
165,167.5,9.1697E+00,1.6746E+00,4.2751E+02,4.6413E-01,1.7517E+03,2.8811E-01,4.3940E-02
167.5,170,9.0454E+00,1.6506E+00,4.2225E+02,4.5663E-01,1.7303E+03,2.8375E-01,4.3185E-02
170,172.5,8.9278E+00,1.6265E+00,4.1738E+02,4.4856E-01,1.7104E+03,2.7906E-01,4.2445E-02
172.5,175,8.8043E+00,1.6020E+00,4.1204E+02,4.4121E-01,1.6885E+03,2.7449E-01,4.1675E-02
175,177.5,8.6858E+00,1.5776E+00,4.0695E+02,4.3301E-01,1.6678E+03,2.6986E-01,4.0940E-02
177.5,180,8.5558E+00,1.5514E+00,4.0117E+02,4.2501E-01,1.6442E+03,2.6480E-01,4.0201E-02
180,182.5,8.4367E+00,1.5272E+00,3.9629E+02,4.1731E-01,1.6241E+03,2.6009E-01,3.9454E-02
182.5,185,8.3196E+00,1.5036E+00,3.9136E+02,4.0968E-01,1.6039E+03,2.5546E-01,3.8744E-02
185,187.5,8.1934E+00,1.4786E+00,3.8591E+02,4.0196E-01,1.5817E+03,2.5076E-01,3.8023E-02
187.5,190,8.0705E+00,1.4547E+00,3.8059E+02,3.9491E-01,1.5599E+03,2.4646E-01,3.7288E-02
190,192.5,7.9406E+00,1.4301E+00,3.7473E+02,3.8740E-01,1.5359E+03,2.4203E-01,3.6569E-02
192.5,195,7.8160E+00,1.4060E+00,3.6928E+02,3.8003E-01,1.5136E+03,2.3753E-01,3.5887E-02
195,197.5,7.6903E+00,1.3814E+00,3.6364E+02,3.7267E-01,1.4905E+03,2.3304E-01,3.5191E-02
197.5,200,7.5554E+00,1.3559E+00,3.5760E+02,3.6513E-01,1.4658E+03,2.2846E-01,3.4486E-02
200,202.5,7.4339E+00,1.3323E+00,3.5231E+02,3.5778E-01,1.4441E+03,2.2413E-01,3.3788E-02
202.5,205,7.3066E+00,1.3079E+00,3.4658E+02,3.5076E-01,1.4207E+03,2.1972E-01,3.3090E-02
205,207.5,7.1797E+00,1.2841E+00,3.4092E+02,3.4376E-01,1.3976E+03,2.1538E-01,3.2430E-02
207.5,210,7.0511E+00,1.2598E+00,3.3509E+02,3.3669E-01,1.3737E+03,2.1089E-01,3.1788E-02
210,212.5,6.9269E+00,1.2364E+00,3.2948E+02,3.3011E-01,1.3507E+03,2.0664E-01,3.1148E-02
212.5,215,6.8097E+00,1.2141E+00,3.2425E+02,3.2334E-01,1.3293E+03,2.0274E-01,3.0529E-02
215,217.5,6.6910E+00,1.1908E+00,3.1898E+02,3.1679E-01,1.3077E+03,1.9847E-01,2.9904E-02
217.5,220,6.5665E+00,1.1675E+00,3.1321E+02,3.1034E-01,1.2841E+03,1.9436E-01,2.9290E-02
220,222.5,6.4458E+00,1.1450E+00,3.0780E+02,3.0356E-01,1.2620E+03,1.9023E-01,2.8686E-02
222.5,225,6.3246E+00,1.1228E+00,3.0225E+02,2.9710E-01,1.2393E+03,1.8638E-01,2.8079E-02
225,227.5,6.1991E+00,1.1001E+00,2.9633E+02,2.9106E-01,1.2150E+03,1.8260E-01,2.7496E-02
227.5,230,6.0765E+00,1.0778E+00,2.9047E+02,2.8515E-01,1.1910E+03,1.7890E-01,2.6911E-02
230,232.5,5.9627E+00,1.0562E+00,2.8530E+02,2.7893E-01,1.1698E+03,1.7488E-01,2.6335E-02
232.5,235,5.8479E+00,1.0348E+00,2.7999E+02,2.7309E-01,1.1479E+03,1.7113E-01,2.5789E-02
235,237.5,5.7313E+00,1.0141E+00,2.7454E+02,2.6713E-01,1.1257E+03,1.6759E-01,2.5249E-02
237.5,240,5.6181E+00,9.9338E-01,2.6927E+02,2.6125E-01,1.1041E+03,1.6410E-01,2.4695E-02
240,242.5,5.5028E+00,9.7288E-01,2.6389E+02,2.5603E-01,1.0821E+03,1.6070E-01,2.4167E-02
242.5,245,5.3922E+00,9.5281E-01,2.5875E+02,2.5042E-01,1.0610E+03,1.5722E-01,2.3650E-02
245,247.5,5.2873E+00,9.3356E-01,2.5397E+02,2.4477E-01,1.0414E+03,1.5392E-01,2.3146E-02
247.5,250,5.1785E+00,9.1367E-01,2.4887E+02,2.3938E-01,1.0206E+03,1.5045E-01,2.2636E-02
*,*,*,*,Apollo-16 + 10% H2O,*,*,*,*
0,2.5,7.9513E-01,1.6906E-01,3.2689E+01,5.7182E-02,1.3356E+02,3.3651E-02,6.1181E-03
2.5,5,1.2367E+00,2.6138E-01,5.1310E+01,8.7647E-02,2.0957E+02,5.1742E-02,9.3674E-03
5,7.5,1.6532E+00,3.4880E-01,6.8801E+01,1.1666E-01,2.8098E+02,6.8931E-02,1.2436E-02
7.5,10,2.0590E+00,4.3367E-01,8.5889E+01,1.4479E-01,3.5076E+02,8.5493E-02,1.5408E-02
10,12.5,2.4646E+00,5.1790E-01,1.0303E+02,1.7272E-01,4.2077E+02,1.0194E-01,1.8301E-02
12.5,15,2.8622E+00,6.0046E-01,1.1978E+02,2.0000E-01,4.8920E+02,1.1812E-01,2.1115E-02
15,17.5,3.2527E+00,6.8139E-01,1.3630E+02,2.2658E-01,5.5667E+02,1.3389E-01,2.3844E-02
17.5,20,3.6372E+00,7.6105E-01,1.5263E+02,2.5266E-01,6.2341E+02,1.4950E-01,2.6519E-02
20,22.5,4.0108E+00,8.3848E-01,1.6844E+02,2.7778E-01,6.8802E+02,1.6457E-01,2.9061E-02
22.5,25,4.3809E+00,9.1417E-01,1.8404E+02,3.0258E-01,7.5182E+02,1.7901E-01,3.1570E-02
25,27.5,4.7419E+00,9.8772E-01,1.9949E+02,3.2604E-01,8.1494E+02,1.9303E-01,3.3973E-02
27.5,30,5.0982E+00,1.0598E+00,2.1492E+02,3.4911E-01,8.7798E+02,2.0679E-01,3.6250E-02
30,32.5,5.4424E+00,1.1296E+00,2.2976E+02,3.7128E-01,9.3866E+02,2.2000E-01,3.8445E-02
32.5,35,5.7781E+00,1.1965E+00,2.4428E+02,3.9217E-01,9.9801E+02,2.3250E-01,4.0526E-02
35,37.5,6.1043E+00,1.2609E+00,2.5846E+02,4.1250E-01,1.0561E+03,2.4451E-01,4.2510E-02
37.5,40,6.4164E+00,1.3239E+00,2.7188E+02,4.3201E-01,1.1109E+03,2.5676E-01,4.4385E-02
40,42.5,6.7285E+00,1.3853E+00,2.8563E+02,4.5116E-01,1.1671E+03,2.6821E-01,4.6165E-02
42.5,45,7.0285E+00,1.4438E+00,2.9878E+02,4.6860E-01,1.2208E+03,2.7909E-01,4.7826E-02
45,47.5,7.3200E+00,1.4999E+00,3.1181E+02,4.8523E-01,1.2742E+03,2.8939E-01,4.9375E-02
47.5,50,7.5932E+00,1.5525E+00,3.2402E+02,5.0081E-01,1.3242E+03,2.9902E-01,5.0811E-02
50,52.5,7.8577E+00,1.6033E+00,3.3593E+02,5.1610E-01,1.3729E+03,3.0818E-01,5.2179E-02
52.5,55,8.1107E+00,1.6513E+00,3.4743E+02,5.3052E-01,1.4200E+03,3.1674E-01,5.3418E-02
55,57.5,8.3524E+00,1.6964E+00,3.5837E+02,5.4336E-01,1.4649E+03,3.2477E-01,5.4567E-02
57.5,60,8.5905E+00,1.7391E+00,3.6950E+02,5.5500E-01,1.5104E+03,3.3202E-01,5.5620E-02
60,62.5,8.8085E+00,1.7778E+00,3.7960E+02,5.6606E-01,1.5518E+03,3.3850E-01,5.6570E-02
62.5,65,9.0079E+00,1.8139E+00,3.8886E+02,5.7559E-01,1.5897E+03,3.4461E-01,5.7389E-02
65,67.5,9.2063E+00,1.8489E+00,3.9835E+02,5.8405E-01,1.6287E+03,3.5056E-01,5.8108E-02
67.5,70,9.3910E+00,1.8806E+00,4.0732E+02,5.9221E-01,1.6654E+03,3.5566E-01,5.8721E-02
70,72.5,9.5597E+00,1.9090E+00,4.1544E+02,5.9946E-01,1.6987E+03,3.6008E-01,5.9289E-02
72.5,75,9.7230E+00,1.9367E+00,4.2343E+02,6.0577E-01,1.7315E+03,3.6451E-01,5.9760E-02
75,77.5,9.8760E+00,1.9611E+00,4.3116E+02,6.1068E-01,1.7632E+03,3.6800E-01,6.0170E-02
77.5,80,1.0006E+01,1.9811E+00,4.3757E+02,6.1549E-01,1.7895E+03,3.7074E-01,6.0485E-02
80,82.5,1.0123E+01,2.0001E+00,4.4347E+02,6.1876E-01,1.8137E+03,3.7363E-01,6.0742E-02
82.5,85,1.0235E+01,2.0170E+00,4.4913E+02,6.2214E-01,1.8370E+03,3.7606E-01,6.0876E-02
85,87.5,1.0327E+01,2.0295E+00,4.5393E+02,6.2418E-01,1.8568E+03,3.7734E-01,6.0938E-02
87.5,90,1.0418E+01,2.0421E+00,4.5899E+02,6.2567E-01,1.8776E+03,3.7861E-01,6.0970E-02
90,92.5,1.0485E+01,2.0512E+00,4.6260E+02,6.2660E-01,1.8926E+03,3.7997E-01,6.0886E-02
92.5,95,1.0559E+01,2.0586E+00,4.6700E+02,6.2634E-01,1.9107E+03,3.7997E-01,6.0752E-02
95,97.5,1.0611E+01,2.0630E+00,4.7015E+02,6.2586E-01,1.9237E+03,3.7974E-01,6.0591E-02
97.5,100,1.0653E+01,2.0666E+00,4.7288E+02,6.2524E-01,1.9349E+03,3.7973E-01,6.0374E-02
100,102.5,1.0690E+01,2.0683E+00,4.7560E+02,6.2280E-01,1.9462E+03,3.7897E-01,6.0100E-02
102.5,105,1.0717E+01,2.0675E+00,4.7785E+02,6.2028E-01,1.9555E+03,3.7779E-01,5.9769E-02
105,107.5,1.0722E+01,2.0642E+00,4.7873E+02,6.1789E-01,1.9593E+03,3.7637E-01,5.9441E-02
107.5,110,1.0735E+01,2.0613E+00,4.8053E+02,6.1446E-01,1.9666E+03,3.7491E-01,5.9030E-02
110,112.5,1.0738E+01,2.0564E+00,4.8174E+02,6.1055E-01,1.9716E+03,3.7297E-01,5.8638E-02
112.5,115,1.0730E+01,2.0496E+00,4.8242E+02,6.0624E-01,1.9745E+03,3.7058E-01,5.8178E-02
115,117.5,1.0716E+01,2.0424E+00,4.8268E+02,6.0170E-01,1.9758E+03,3.6849E-01,5.7662E-02
117.5,120,1.0688E+01,2.0319E+00,4.8231E+02,5.9683E-01,1.9745E+03,3.6566E-01,5.7112E-02
120,122.5,1.0660E+01,2.0213E+00,4.8214E+02,5.9148E-01,1.9739E+03,3.6264E-01,5.6549E-02
122.5,125,1.0620E+01,2.0090E+00,4.8122E+02,5.8583E-01,1.9703E+03,3.5974E-01,5.5977E-02
125,127.5,1.0572E+01,1.9944E+00,4.8003E+02,5.8019E-01,1.9655E+03,3.5595E-01,5.5360E-02
127.5,130,1.0521E+01,1.9802E+00,4.7856E+02,5.7395E-01,1.9596E+03,3.5266E-01,5.4710E-02
130,132.5,1.0460E+01,1.9650E+00,4.7651E+02,5.6780E-01,1.9513E+03,3.4924E-01,5.4063E-02
132.5,135,1.0403E+01,1.9493E+00,4.7495E+02,5.6179E-01,1.9450E+03,3.4537E-01,5.3416E-02
135,137.5,1.0339E+01,1.9333E+00,4.7301E+02,5.5486E-01,1.9371E+03,3.4179E-01,5.2747E-02
137.5,140,1.0267E+01,1.9164E+00,4.7044E+02,5.4787E-01,1.9267E+03,3.3833E-01,5.2074E-02
140,142.5,1.0186E+01,1.8964E+00,4.6769E+02,5.4089E-01,1.9156E+03,3.3366E-01,5.1346E-02
142.5,145,1.0104E+01,1.8767E+00,4.6470E+02,5.3300E-01,1.9034E+03,3.2939E-01,5.0597E-02
145,147.5,1.0013E+01,1.8565E+00,4.6118E+02,5.2595E-01,1.8891E+03,3.2516E-01,4.9862E-02
147.5,150,9.9185E+00,1.8351E+00,4.5744E+02,5.1884E-01,1.8738E+03,3.2071E-01,4.9159E-02
150,152.5,9.8226E+00,1.8131E+00,4.5382E+02,5.1124E-01,1.8591E+03,3.1605E-01,4.8393E-02
152.5,155,9.7234E+00,1.7918E+00,4.5007E+02,5.0326E-01,1.8437E+03,3.1186E-01,4.7617E-02
155,157.5,9.6198E+00,1.7692E+00,4.4601E+02,4.9560E-01,1.8271E+03,3.0713E-01,4.6887E-02
157.5,160,9.5116E+00,1.7455E+00,4.4165E+02,4.8799E-01,1.8093E+03,3.0235E-01,4.6154E-02
160,162.5,9.3982E+00,1.7222E+00,4.3699E+02,4.7982E-01,1.7903E+03,2.9768E-01,4.5404E-02
162.5,165,9.2811E+00,1.6980E+00,4.3210E+02,4.7187E-01,1.7704E+03,2.9284E-01,4.4662E-02
165,167.5,9.1678E+00,1.6742E+00,4.2743E+02,4.6396E-01,1.7514E+03,2.8805E-01,4.3927E-02
167.5,170,9.0430E+00,1.6501E+00,4.2212E+02,4.5655E-01,1.7297E+03,2.8368E-01,4.3174E-02
170,172.5,8.9252E+00,1.6261E+00,4.1726E+02,4.4849E-01,1.7099E+03,2.7900E-01,4.2435E-02
172.5,175,8.8030E+00,1.6017E+00,4.1199E+02,4.4106E-01,1.6883E+03,2.7443E-01,4.1664E-02
175,177.5,8.6839E+00,1.5772E+00,4.0686E+02,4.3292E-01,1.6674E+03,2.6979E-01,4.0929E-02
177.5,180,8.5547E+00,1.5511E+00,4.0112E+02,4.2495E-01,1.6440E+03,2.6474E-01,4.0195E-02
180,182.5,8.4343E+00,1.5267E+00,3.9616E+02,4.1724E-01,1.6236E+03,2.6003E-01,3.9444E-02
182.5,185,8.3178E+00,1.5032E+00,3.9126E+02,4.0965E-01,1.6036E+03,2.5541E-01,3.8733E-02
185,187.5,8.1921E+00,1.4783E+00,3.8585E+02,4.0189E-01,1.5815E+03,2.5071E-01,3.8015E-02
187.5,190,8.0698E+00,1.4545E+00,3.8056E+02,3.9479E-01,1.5598E+03,2.4641E-01,3.7283E-02
190,192.5,7.9396E+00,1.4299E+00,3.7472E+02,3.8731E-01,1.5358E+03,2.4198E-01,3.6561E-02
192.5,195,7.8141E+00,1.4056E+00,3.6916E+02,3.7997E-01,1.5131E+03,2.3747E-01,3.5877E-02
195,197.5,7.6893E+00,1.3812E+00,3.6361E+02,3.7259E-01,1.4904E+03,2.3298E-01,3.5186E-02
197.5,200,7.5534E+00,1.3555E+00,3.5752E+02,3.6498E-01,1.4655E+03,2.2841E-01,3.4480E-02
200,202.5,7.4320E+00,1.3320E+00,3.5219E+02,3.5772E-01,1.4437E+03,2.2407E-01,3.3783E-02
202.5,205,7.3052E+00,1.3076E+00,3.4654E+02,3.5067E-01,1.4205E+03,2.1966E-01,3.3081E-02
205,207.5,7.1775E+00,1.2837E+00,3.4081E+02,3.4360E-01,1.3971E+03,2.1532E-01,3.2422E-02
207.5,210,7.0492E+00,1.2595E+00,3.3499E+02,3.3666E-01,1.3733E+03,2.1085E-01,3.1782E-02
210,212.5,6.9261E+00,1.2362E+00,3.2943E+02,3.3009E-01,1.3505E+03,2.0660E-01,3.1142E-02
212.5,215,6.8087E+00,1.2139E+00,3.2423E+02,3.2327E-01,1.3292E+03,2.0269E-01,3.0525E-02
215,217.5,6.6899E+00,1.1906E+00,3.1894E+02,3.1674E-01,1.3075E+03,1.9843E-01,2.9898E-02
217.5,220,6.5656E+00,1.1674E+00,3.1319E+02,3.1030E-01,1.2840E+03,1.9432E-01,2.9282E-02
220,222.5,6.4450E+00,1.1448E+00,3.0778E+02,3.0344E-01,1.2619E+03,1.9020E-01,2.8679E-02
222.5,225,6.3229E+00,1.1225E+00,3.0217E+02,2.9705E-01,1.2389E+03,1.8634E-01,2.8071E-02
225,227.5,6.1975E+00,1.0998E+00,2.9626E+02,2.9096E-01,1.2148E+03,1.8257E-01,2.7490E-02
227.5,230,6.0754E+00,1.0776E+00,2.9042E+02,2.8509E-01,1.1908E+03,1.7885E-01,2.6907E-02
230,232.5,5.9611E+00,1.0560E+00,2.8524E+02,2.7888E-01,1.1695E+03,1.7485E-01,2.6331E-02
232.5,235,5.8469E+00,1.0346E+00,2.7994E+02,2.7302E-01,1.1478E+03,1.7110E-01,2.5782E-02
235,237.5,5.7301E+00,1.0138E+00,2.7449E+02,2.6709E-01,1.1255E+03,1.6755E-01,2.5241E-02
237.5,240,5.6171E+00,9.9313E-01,2.6923E+02,2.6117E-01,1.1040E+03,1.6405E-01,2.4689E-02
240,242.5,5.5016E+00,9.7266E-01,2.6384E+02,2.5594E-01,1.0819E+03,1.6065E-01,2.4164E-02
242.5,245,5.3910E+00,9.5261E-01,2.5870E+02,2.5036E-01,1.0608E+03,1.5719E-01,2.3645E-02
245,247.5,5.2859E+00,9.3331E-01,2.5391E+02,2.4469E-01,1.0412E+03,1.5387E-01,2.3142E-02
247.5,250,5.1773E+00,9.1344E-01,2.4881E+02,2.3932E-01,1.0203E+03,1.5040E-01,2.2632E-02
*,*,*,*,*,*,*,*,*