from,to,Sm-144,Sm-147,Sm-148,Sm-149,Sm-150,Sm-152,Sm-154
*,*,*,*,Ivuna,*,*,*,*
0,1,6.9570E-05,4.1507E-03,2.8836E-04,5.2183E-01,2.4226E-03,1.3648E-02,3.1531E-04
1,2,9.9066E-05,6.3559E-03,4.3670E-04,8.8879E-01,3.8193E-03,2.1543E-02,4.9700E-04
2,3,1.2475E-04,8.5160E-03,5.7952E-04,1.2424E+00,5.2244E-03,2.9344E-02,6.7137E-04
3,4,1.4718E-04,1.0455E-02,7.0374E-04,1.5694E+00,6.4527E-03,3.5549E-02,8.2149E-04
4,5,1.6721E-04,1.2334E-02,8.2259E-04,1.8927E+00,7.5763E-03,4.0911E-02,9.6708E-04
5,6,1.8552E-04,1.3998E-02,9.2336E-04,2.2127E+00,8.6395E-03,4.7919E-02,1.0921E-03
6,7,1.9916E-04,1.5751E-02,9.9513E-04,2.4744E+00,9.7180E-03,5.0968E-02,1.2030E-03
7,8,2.1223E-04,1.7047E-02,1.0372E-03,2.7959E+00,1.0428E-02,6.0280E-02,1.2441E-03
8,9,2.1810E-04,1.7840E-02,1.1306E-03,2.9516E+00,1.1204E-02,5.4685E-02,1.3882E-03
*,*,*,*,Mighei,*,*,*,*
0,1,5.1879E-04,4.0877E-02,2.1609E-03,1.1425E+01,3.1562E-02,1.5591E-01,3.2497E-03
1,2,8.9214E-04,7.0106E-02,3.6402E-03,2.0946E+01,5.7119E-02,2.6457E-01,5.7897E-03
2,3,1.2447E-03,9.8236E-02,5.0363E-03,3.0245E+01,8.1730E-02,3.7545E-01,8.1743E-03
3,4,1.5935E-03,1.2622E-01,6.4108E-03,3.9702E+01,1.0647E-01,4.8179E-01,1.0575E-02
4,5,1.9340E-03,1.5378E-01,7.7687E-03,4.9053E+01,1.3084E-01,5.9220E-01,1.2934E-02
5,6,2.2718E-03,1.8114E-01,9.0651E-03,5.8519E+01,1.5533E-01,6.9480E-01,1.5236E-02
6,7,2.5933E-03,2.0693E-01,1.0286E-02,6.7633E+01,1.7860E-01,7.9967E-01,1.7435E-02
7,8,2.8993E-03,2.3080E-01,1.1420E-02,7.6384E+01,2.0021E-01,8.8757E-01,1.9512E-02
8,9,3.1916E-03,2.5371E-01,1.2511E-02,8.4739E+01,2.2136E-01,9.9075E-01,2.1529E-02
9,10,3.4447E-03,2.7490E-01,1.3484E-02,9.1958E+01,2.4032E-01,1.0749E+00,2.3304E-02
10,11,3.6729E-03,2.9269E-01,1.4306E-02,9.8904E+01,2.5554E-01,1.1311E+00,2.4781E-02
11,12,3.8733E-03,3.0890E-01,1.5007E-02,1.0448E+02,2.7114E-01,1.1778E+00,2.6124E-02
12,13,4.0507E-03,3.2217E-01,1.5724E-02,1.0989E+02,2.8426E-01,1.2353E+00,2.7474E-02
13,14,4.1849E-03,3.3116E-01,1.6079E-02,1.1389E+02,2.9190E-01,1.2678E+00,2.8104E-02
14,15,4.2630E-03,3.3646E-01,1.6419E-02,1.1603E+02,2.9891E-01,1.2959E+00,2.8846E-02
15,16,4.2728E-03,3.3852E-01,1.6449E-02,1.1680E+02,3.0019E-01,1.2943E+00,2.9056E-02
*,*,*,*,Allende,*,*,*,*
0,2.5,2.5509E-03,4.6432E-01,2.6692E-02,2.6342E+01,2.2460E-01,1.7387E+00,2.8854E-02
2.5,5,5.2937E-03,1.0231E+00,5.8664E-02,5.9551E+01,4.9699E-01,3.8243E+00,6.3872E-02
5,7.5,7.9656E-03,1.5889E+00,9.0675E-02,9.3227E+01,7.7363E-01,5.9627E+00,9.8915E-02
7.5,10,1.0639E-02,2.1717E+00,1.2361E-01,1.2828E+02,1.0574E+00,8.1367E+00,1.3515E-01
10,12.5,1.3304E-02,2.7688E+00,1.5689E-01,1.6406E+02,1.3492E+00,1.0406E+01,1.7184E-01
12.5,15,1.5940E-02,3.3777E+00,1.9040E-01,2.0093E+02,1.6474E+00,1.2687E+01,2.0884E-01
15,17.5,1.8552E-02,3.9921E+00,2.2416E-01,2.3890E+02,1.9476E+00,1.5024E+01,2.4642E-01
17.5,20,2.1086E-02,4.6007E+00,2.5688E-01,2.7685E+02,2.2470E+00,1.7338E+01,2.8265E-01
20,22.5,2.3545E-02,5.2057E+00,2.8923E-01,3.1512E+02,2.5467E+00,1.9656E+01,3.1902E-01
22.5,25,2.5911E-02,5.7931E+00,3.2044E-01,3.5278E+02,2.8360E+00,2.1957E+01,3.5400E-01
25,27.5,2.8191E-02,6.3640E+00,3.5057E-01,3.9082E+02,3.1185E+00,2.4204E+01,3.8778E-01
27.5,30,3.0338E-02,6.9153E+00,3.7918E-01,4.2721E+02,3.3912E+00,2.6277E+01,4.2006E-01
30,32.5,3.2374E-02,7.4478E+00,4.0704E-01,4.6208E+02,3.6553E+00,2.8334E+01,4.5192E-01
32.5,35,3.4271E-02,7.9566E+00,4.3286E-01,4.9607E+02,3.9067E+00,3.0275E+01,4.8108E-01
35,37.5,3.6045E-02,8.4356E+00,4.5701E-01,5.2777E+02,4.1420E+00,3.2275E+01,5.0876E-01
37.5,40,3.7739E-02,8.8872E+00,4.7886E-01,5.5994E+02,4.3713E+00,3.4025E+01,5.3415E-01
40,42.5,3.9228E-02,9.2904E+00,4.9910E-01,5.8793E+02,4.5701E+00,3.5650E+01,5.5730E-01
42.5,45,4.0622E-02,9.6646E+00,5.1713E-01,6.1534E+02,4.7607E+00,3.7168E+01,5.7847E-01
45,47.5,4.1823E-02,9.9972E+00,5.3324E-01,6.3962E+02,4.9306E+00,3.8608E+01,5.9723E-01
47.5,50,4.2900E-02,1.0292E+01,5.4844E-01,6.6143E+02,5.0726E+00,3.9650E+01,6.1486E-01
50,52.5,4.3832E-02,1.0553E+01,5.6003E-01,6.7973E+02,5.2081E+00,4.0559E+01,6.2788E-01
52.5,55,4.4642E-02,1.0794E+01,5.7010E-01,6.9347E+02,5.3286E+00,4.1450E+01,6.3957E-01
55,57.5,4.5279E-02,1.0972E+01,5.8042E-01,7.0682E+02,5.4158E+00,4.2278E+01,6.5272E-01
57.5,60,4.5762E-02,1.1110E+01,5.8483E-01,7.1888E+02,5.5006E+00,4.3025E+01,6.5698E-01
60,62.5,4.5996E-02,1.1225E+01,5.9060E-01,7.2799E+02,5.5360E+00,4.3135E+01,6.6514E-01
62.5,65,4.6795E-02,1.1327E+01,5.9157E-01,7.4863E+02,5.6240E+00,4.4134E+01,6.6961E-01
*,*,*,*,Apollo-15 basic,*,*,*,*
0,2.933333333,1.9847E-03,4.1530E-01,2.2262E-02,2.6943E+01,2.0424E-01,1.6081E+00,2.4873E-02
2.933333333,5.866666667,3.2838E-03,7.0047E-01,3.7540E-02,4.6276E+01,3.4566E-01,2.7161E+00,4.2101E-02
5.866666667,8.8,4.4927E-03,9.6938E-01,5.1807E-02,6.4566E+01,4.7990E-01,3.7515E+00,5.8137E-02
8.8,11.73333333,5.6625E-03,1.2336E+00,6.5791E-02,8.2595E+01,6.1150E-01,4.7675E+00,7.3919E-02
11.73333333,14.66666667,6.7963E-03,1.4927E+00,7.9551E-02,1.0037E+02,7.4084E-01,5.7865E+00,8.9504E-02
14.66666667,17.6,7.8886E-03,1.7458E+00,9.2821E-02,1.1771E+02,8.6673E-01,6.7978E+00,1.0452E-01
17.6,20.53333333,8.9497E-03,1.9946E+00,1.0571E-01,1.3493E+02,9.8971E-01,7.7558E+00,1.1912E-01
20.53333333,23.46666667,9.9610E-03,2.2362E+00,1.1827E-01,1.5181E+02,1.1099E+00,8.7065E+00,1.3352E-01
23.46666667,26.4,1.0938E-02,2.4683E+00,1.3024E-01,1.6858E+02,1.2252E+00,9.6056E+00,1.4710E-01
26.4,29.33333333,1.1864E-02,2.6935E+00,1.4181E-01,1.8452E+02,1.3381E+00,1.0532E+01,1.6042E-01
29.33333333,32.26666667,1.2752E-02,2.9102E+00,1.5288E-01,2.0024E+02,1.4464E+00,1.1353E+01,1.7312E-01
32.26666667,35.2,1.3590E-02,3.1171E+00,1.6323E-01,2.1556E+02,1.5507E+00,1.2205E+01,1.8505E-01
35.2,38.13333333,1.4377E-02,3.3198E+00,1.7314E-01,2.3033E+02,1.6539E+00,1.2964E+01,1.9648E-01
38.13333333,41.06666667,1.5119E-02,3.5088E+00,1.8266E-01,2.4462E+02,1.7477E+00,1.3744E+01,2.0754E-01
41.06666667,44,1.5832E-02,3.6930E+00,1.9138E-01,2.5854E+02,1.8418E+00,1.4449E+01,2.1771E-01
44,46.93333333,1.6481E-02,3.8594E+00,1.9961E-01,2.7152E+02,1.9255E+00,1.5122E+01,2.2733E-01
46.93333333,49.86666667,1.7084E-02,4.0195E+00,2.0722E-01,2.8410E+02,2.0083E+00,1.5791E+01,2.3641E-01
49.86666667,52.8,1.7652E-02,4.1712E+00,2.1442E-01,2.9662E+02,2.0866E+00,1.6413E+01,2.4495E-01
52.8,55.73333333,1.8173E-02,4.3104E+00,2.2090E-01,3.0792E+02,2.1571E+00,1.7006E+01,2.5273E-01
55.73333333,58.66666667,1.8643E-02,4.4402E+00,2.2673E-01,3.1873E+02,2.2239E+00,1.7504E+01,2.5977E-01
58.66666667,61.6,1.9072E-02,4.5606E+00,2.3187E-01,3.2877E+02,2.2862E+00,1.8022E+01,2.6602E-01
61.6,64.53333333,1.9464E-02,4.6721E+00,2.3666E-01,3.3879E+02,2.3454E+00,1.8487E+01,2.7203E-01
64.53333333,67.46666667,1.9809E-02,4.7692E+00,2.4091E-01,3.4759E+02,2.3949E+00,1.8903E+01,2.7742E-01
67.46666667,70.4,2.0116E-02,4.8563E+00,2.4469E-01,3.5578E+02,2.4414E+00,1.9232E+01,2.8227E-01
70.4,73.33333333,2.0386E-02,4.9343E+00,2.4757E-01,3.6401E+02,2.4823E+00,1.9632E+01,2.8587E-01
73.33333333,76.26666667,2.0599E-02,5.0017E+00,2.5009E-01,3.7049E+02,2.5174E+00,1.9918E+01,2.8910E-01
76.26666667,79.2,2.0778E-02,5.0584E+00,2.5242E-01,3.7647E+02,2.5465E+00,2.0155E+01,2.9219E-01
79.2,82.13333333,2.0941E-02,5.1087E+00,2.5391E-01,3.8197E+02,2.5769E+00,2.0400E+01,2.9428E-01
82.13333333,85.06666667,2.1061E-02,5.1423E+00,2.5502E-01,3.8705E+02,2.5950E+00,2.0593E+01,2.9584E-01
85.06666667,88,2.1148E-02,5.1683E+00,2.5549E-01,3.9168E+02,2.6109E+00,2.0735E+01,2.9679E-01
88,90.93333333,2.1217E-02,5.1901E+00,2.5601E-01,3.9577E+02,2.6258E+00,2.0801E+01,2.9803E-01
90.93333333,93.86666667,2.1257E-02,5.2061E+00,2.5598E-01,3.9897E+02,2.6368E+00,2.0864E+01,2.9842E-01
93.86666667,96.8,2.1266E-02,5.2114E+00,2.5529E-01,4.0191E+02,2.6426E+00,2.0959E+01,2.9809E-01
96.8,99.73333333,2.1257E-02,5.2102E+00,2.5435E-01,4.0444E+02,2.6422E+00,2.0999E+01,2.9755E-01
99.73333333,102.6666667,2.1214E-02,5.2037E+00,2.5352E-01,4.0631E+02,2.6414E+00,2.0993E+01,2.9687E-01
102.6666667,105.6,2.1136E-02,5.1870E+00,2.5196E-01,4.0756E+02,2.6361E+00,2.0961E+01,2.9555E-01
105.6,108.5333333,2.1053E-02,5.1655E+00,2.5016E-01,4.0839E+02,2.6290E+00,2.0933E+01,2.9385E-01
108.5333333,111.4666667,2.0942E-02,5.1418E+00,2.4804E-01,4.0863E+02,2.6203E+00,2.0852E+01,2.9168E-01
111.4666667,114.4,2.0820E-02,5.1110E+00,2.4581E-01,4.0861E+02,2.6071E+00,2.0770E+01,2.8937E-01
114.4,117.3333333,2.0682E-02,5.0746E+00,2.4353E-01,4.0816E+02,2.5914E+00,2.0667E+01,2.8715E-01
117.3333333,120.2666667,2.0507E-02,5.0354E+00,2.4113E-01,4.0679E+02,2.5716E+00,2.0520E+01,2.8491E-01
120.2666667,123.2,2.0341E-02,4.9861E+00,2.3855E-01,4.0537E+02,2.5477E+00,2.0366E+01,2.8222E-01
123.2,126.1333333,2.0145E-02,4.9377E+00,2.3593E-01,4.0350E+02,2.5273E+00,2.0169E+01,2.7954E-01
126.1333333,129.0666667,1.9922E-02,4.8866E+00,2.3284E-01,4.0089E+02,2.5016E+00,1.9959E+01,2.7612E-01
129.0666667,132,1.9703E-02,4.8304E+00,2.2969E-01,3.9826E+02,2.4746E+00,1.9754E+01,2.7262E-01
132,134.9333333,1.9480E-02,4.7755E+00,2.2629E-01,3.9545E+02,2.4490E+00,1.9493E+01,2.6895E-01
134.9333333,137.8666667,1.9228E-02,4.7150E+00,2.2290E-01,3.9203E+02,2.4199E+00,1.9283E+01,2.6534E-01
137.8666667,140.8,1.8988E-02,4.6535E+00,2.1952E-01,3.8881E+02,2.3895E+00,1.9042E+01,2.6160E-01
140.8,143.7333333,1.8739E-02,4.5857E+00,2.1583E-01,3.8539E+02,2.3565E+00,1.8826E+01,2.5738E-01
143.7333333,146.6666667,1.8468E-02,4.5211E+00,2.1260E-01,3.8136E+02,2.3247E+00,1.8577E+01,2.5391E-01
146.6666667,149.6,1.8195E-02,4.4532E+00,2.0885E-01,3.7706E+02,2.2902E+00,1.8315E+01,2.4972E-01
149.6,152.5333333,1.7929E-02,4.3815E+00,2.0507E-01,3.7261E+02,2.2552E+00,1.7984E+01,2.4551E-01
152.5333333,155.4666667,1.7635E-02,4.3045E+00,2.0144E-01,3.6770E+02,2.2169E+00,1.7666E+01,2.4127E-01
155.4666667,158.4,1.7360E-02,4.2328E+00,1.9775E-01,3.6326E+02,2.1809E+00,1.7424E+01,2.3710E-01
158.4,161.3333333,1.7070E-02,4.1615E+00,1.9402E-01,3.5812E+02,2.1469E+00,1.7128E+01,2.3279E-01
161.3333333,164.2666667,1.6790E-02,4.0846E+00,1.9028E-01,3.5342E+02,2.1090E+00,1.6820E+01,2.2853E-01
164.2666667,167.2,1.6503E-02,4.0111E+00,1.8657E-01,3.4851E+02,2.0743E+00,1.6563E+01,2.2443E-01
167.2,170.1333333,1.6193E-02,3.9348E+00,1.8273E-01,3.4289E+02,2.0357E+00,1.6234E+01,2.1982E-01
170.1333333,173.0666667,1.5909E-02,3.8576E+00,1.7904E-01,3.3753E+02,1.9970E+00,1.5898E+01,2.1571E-01
173.0666667,176,1.5623E-02,3.7821E+00,1.7527E-01,3.3241E+02,1.9597E+00,1.5608E+01,2.1125E-01
176,178.9333333,1.5317E-02,3.7052E+00,1.7139E-01,3.2669E+02,1.9204E+00,1.5283E+01,2.0671E-01
178.9333333,181.8666667,1.5026E-02,3.6298E+00,1.6768E-01,3.2135E+02,1.8832E+00,1.4984E+01,2.0252E-01
181.8666667,184.8,1.4719E-02,3.5557E+00,1.6397E-01,3.1550E+02,1.8477E+00,1.4719E+01,1.9813E-01
184.8,187.7333333,1.4422E-02,3.4816E+00,1.6036E-01,3.0964E+02,1.8093E+00,1.4438E+01,1.9383E-01
187.7333333,190.6666667,1.4120E-02,3.4098E+00,1.5679E-01,3.0385E+02,1.7715E+00,1.4123E+01,1.8957E-01
190.6666667,193.6,1.3821E-02,3.3353E+00,1.5340E-01,2.9784E+02,1.7340E+00,1.3881E+01,1.8563E-01
193.6,196.5333333,1.3534E-02,3.2605E+00,1.5005E-01,2.9212E+02,1.6959E+00,1.3562E+01,1.8171E-01
196.5333333,199.4666667,1.3248E-02,3.1886E+00,1.4656E-01,2.8637E+02,1.6596E+00,1.3234E+01,1.7764E-01
199.4666667,202.4,1.2965E-02,3.1189E+00,1.4320E-01,2.8071E+02,1.6236E+00,1.2916E+01,1.7372E-01
202.4,205.3333333,1.2684E-02,3.0491E+00,1.3994E-01,2.7551E+02,1.5879E+00,1.2649E+01,1.6979E-01
205.3333333,208.2666667,1.2400E-02,2.9796E+00,1.3667E-01,2.6956E+02,1.5512E+00,1.2351E+01,1.6591E-01
208.2666667,211.2,1.2125E-02,2.9127E+00,1.3356E-01,2.6414E+02,1.5177E+00,1.2086E+01,1.6226E-01
211.2,214.1333333,1.1850E-02,2.8461E+00,1.3035E-01,2.5861E+02,1.4830E+00,1.1829E+01,1.5842E-01
214.1333333,217.0666667,1.1589E-02,2.7785E+00,1.2717E-01,2.5342E+02,1.4490E+00,1.1534E+01,1.5457E-01
217.0666667,220,1.1328E-02,2.7143E+00,1.2402E-01,2.4780E+02,1.4167E+00,1.1294E+01,1.5081E-01
220,222.9333333,1.1057E-02,2.6482E+00,1.2109E-01,2.4215E+02,1.3821E+00,1.1034E+01,1.4734E-01
222.9333333,225.8666667,1.0802E-02,2.5858E+00,1.1808E-01,2.3695E+02,1.3498E+00,1.0796E+01,1.4382E-01
225.8666667,228.8,1.0552E-02,2.5234E+00,1.1514E-01,2.3174E+02,1.3172E+00,1.0512E+01,1.4029E-01
228.8,231.7333333,1.0304E-02,2.4626E+00,1.1249E-01,2.2642E+02,1.2871E+00,1.0267E+01,1.3713E-01
231.7333333,234.6666667,1.0057E-02,2.4031E+00,1.0966E-01,2.2126E+02,1.2566E+00,1.0007E+01,1.3366E-01
234.6666667,237.6,9.8210E-03,2.3441E+00,1.0687E-01,2.1641E+02,1.2255E+00,9.7666E+00,1.3030E-01
237.6,240.5333333,9.5810E-03,2.2875E+00,1.0422E-01,2.1131E+02,1.1969E+00,9.5471E+00,1.2718E-01
240.5333333,243.4666667,9.3551E-03,2.2299E+00,1.0143E-01,2.0667E+02,1.1678E+00,9.3006E+00,1.2377E-01
243.4666667,246.4,9.1162E-03,2.1725E+00,9.8765E-02,2.0157E+02,1.1376E+00,9.0409E+00,1.2063E-01
246.4,249.3333333,8.8947E-03,2.1199E+00,9.6339E-02,1.9703E+02,1.1108E+00,8.8243E+00,1.1776E-01
249.3333333,252.2666667,8.6762E-03,2.0658E+00,9.4026E-02,1.9230E+02,1.0819E+00,8.5964E+00,1.1499E-01
252.2666667,255.2,8.4635E-03,2.0135E+00,9.1570E-02,1.8782E+02,1.0543E+00,8.3981E+00,1.1196E-01
255.2,258.1333333,8.2466E-03,1.9627E+00,8.9169E-02,1.8314E+02,1.0273E+00,8.2148E+00,1.0902E-01
258.1333333,261.0666667,8.0382E-03,1.9129E+00,8.6847E-02,1.7867E+02,1.0031E+00,7.9962E+00,1.0621E-01
261.0666667,264,7.8291E-03,1.8607E+00,8.4509E-02,1.7403E+02,9.7560E-01,7.7806E+00,1.0336E-01
264,266.9333333,7.6241E-03,1.8138E+00,8.2228E-02,1.6947E+02,9.5054E-01,7.5682E+00,1.0061E-01
266.9333333,269.8666667,7.4270E-03,1.7654E+00,8.0035E-02,1.6509E+02,9.2544E-01,7.3518E+00,9.7898E-02
269.8666667,272.8,7.2377E-03,1.7181E+00,7.7941E-02,1.6087E+02,9.0010E-01,7.1219E+00,9.5361E-02
272.8,275.7333333,7.0589E-03,1.6745E+00,7.5832E-02,1.5704E+02,8.7733E-01,6.9645E+00,9.2861E-02
275.7333333,278.6666667,6.8771E-03,1.6316E+00,7.3925E-02,1.5312E+02,8.5500E-01,6.8021E+00,9.0563E-02
278.6666667,281.6,6.7005E-03,1.5893E+00,7.2020E-02,1.4950E+02,8.3340E-01,6.6286E+00,8.8263E-02
281.6,284.5333333,6.5198E-03,1.5475E+00,7.0116E-02,1.4544E+02,8.1130E-01,6.4601E+00,8.5977E-02
284.5333333,287.4666667,6.3493E-03,1.5077E+00,6.8179E-02,1.4165E+02,7.9084E-01,6.2996E+00,8.3529E-02
287.4666667,290.4,6.1832E-03,1.4662E+00,6.6403E-02,1.3814E+02,7.6974E-01,6.1287E+00,8.1389E-02
290.4,293.3333333,6.0223E-03,1.4277E+00,6.4635E-02,1.3461E+02,7.5023E-01,5.9667E+00,7.9259E-02
*,*,*,*,Apollo-15,*,*,*,*
0,5.166667,1.9497E-03,4.1609E-01,2.2504E-02,2.3512E+01,2.0056E-01,1.6150E+00,2.4746E-02
5.166667,10.333333,4.1298E-03,9.1560E-01,4.9134E-02,5.3335E+01,4.4381E-01,3.5373E+00,5.4266E-02
10.333333,15.5,6.1146E-03,1.3852E+00,7.4060E-02,8.1205E+01,6.7263E-01,5.3679E+00,8.1934E-02
15.5,20.666667,7.9899E-03,1.8398E+00,9.8252E-02,1.0841E+02,8.9407E-01,7.1487E+00,1.0892E-01
20.666667,25.833333,9.7331E-03,2.2756E+00,1.2119E-01,1.3457E+02,1.1054E+00,8.8340E+00,1.3459E-01
25.833333,31,1.1363E-02,2.6864E+00,1.4255E-01,1.6027E+02,1.3054E+00,1.0483E+01,1.5858E-01
31,36.166667,1.2853E-02,3.0742E+00,1.6245E-01,1.8458E+02,1.4947E+00,1.2022E+01,1.8107E-01
36.166667,41.333333,1.4208E-02,3.4340E+00,1.8070E-01,2.0792E+02,1.6737E+00,1.3400E+01,2.0187E-01
41.333333,46.5,1.5409E-02,3.7674E+00,1.9685E-01,2.2914E+02,1.8357E+00,1.4691E+01,2.2008E-01
46.5,51.666667,1.6480E-02,4.0715E+00,2.1143E-01,2.4905E+02,1.9859E+00,1.5944E+01,2.3684E-01
51.666667,56.833333,1.7410E-02,4.3325E+00,2.2384E-01,2.6749E+02,2.1150E+00,1.7009E+01,2.5125E-01
56.833333,62,1.8201E-02,4.5605E+00,2.3469E-01,2.8469E+02,2.2317E+00,1.7972E+01,2.6421E-01
62,67.166667,1.8875E-02,4.7644E+00,2.4352E-01,3.0030E+02,2.3330E+00,1.8821E+01,2.7483E-01
67.166667,72.333333,1.9417E-02,4.9318E+00,2.5060E-01,3.1358E+02,2.4207E+00,1.9567E+01,2.8339E-01
72.333333,77.5,1.9833E-02,5.0633E+00,2.5577E-01,3.2514E+02,2.4891E+00,2.0154E+01,2.8964E-01
77.5,82.666667,2.0137E-02,5.1687E+00,2.5971E-01,3.3474E+02,2.5420E+00,2.0601E+01,2.9479E-01
82.666667,87.833333,2.0343E-02,5.2415E+00,2.6213E-01,3.4317E+02,2.5799E+00,2.0944E+01,2.9824E-01
87.833333,93,2.0456E-02,5.2923E+00,2.6289E-01,3.4963E+02,2.6106E+00,2.1155E+01,2.9954E-01
93,98.166667,2.0499E-02,5.3187E+00,2.6278E-01,3.5530E+02,2.6258E+00,2.1379E+01,3.0047E-01
98.166667,103.333333,2.0431E-02,5.3176E+00,2.6162E-01,3.5840E+02,2.6270E+00,2.1386E+01,2.9991E-01
103.333333,108.5,2.0304E-02,5.2931E+00,2.5924E-01,3.6061E+02,2.6197E+00,2.1336E+01,2.9781E-01
108.5,113.666667,2.0130E-02,5.2555E+00,2.5619E-01,3.6173E+02,2.6068E+00,2.1270E+01,2.9498E-01
113.666667,118.833333,1.9912E-02,5.1953E+00,2.5179E-01,3.6146E+02,2.5819E+00,2.1019E+01,2.9048E-01
118.833333,124,1.9612E-02,5.1249E+00,2.4748E-01,3.5898E+02,2.5490E+00,2.0778E+01,2.8618E-01
124,129.166667,1.9278E-02,5.0421E+00,2.4244E-01,3.5652E+02,2.5140E+00,2.0490E+01,2.8106E-01
129.166667,134.333333,1.8893E-02,4.9436E+00,2.3670E-01,3.5234E+02,2.4652E+00,2.0090E+01,2.7475E-01
134.333333,139.5,1.8506E-02,4.8395E+00,2.3098E-01,3.4850E+02,2.4153E+00,1.9716E+01,2.6880E-01
139.5,144.666667,1.8069E-02,4.7251E+00,2.2471E-01,3.4272E+02,2.3602E+00,1.9334E+01,2.6183E-01
144.666667,149.833333,1.7620E-02,4.6075E+00,2.1823E-01,3.3694E+02,2.3055E+00,1.8893E+01,2.5473E-01
149.833333,155,1.7147E-02,4.4784E+00,2.1182E-01,3.3001E+02,2.2444E+00,1.8371E+01,2.4787E-01
155,160.166667,1.6664E-02,4.3456E+00,2.0489E-01,3.2287E+02,2.1789E+00,1.7884E+01,2.4006E-01
160.166667,165.333333,1.6184E-02,4.2125E+00,1.9820E-01,3.1584E+02,2.1147E+00,1.7316E+01,2.3254E-01
165.333333,170.5,1.5677E-02,4.0797E+00,1.9138E-01,3.0745E+02,2.0496E+00,1.6812E+01,2.2474E-01
170.5,175.666667,1.5168E-02,3.9490E+00,1.8458E-01,2.9894E+02,1.9861E+00,1.6300E+01,2.1705E-01
175.666667,180.833333,1.4661E-02,3.8176E+00,1.7776E-01,2.9029E+02,1.9211E+00,1.5760E+01,2.0932E-01
180.833333,186,1.4161E-02,3.6803E+00,1.7127E-01,2.8176E+02,1.8535E+00,1.5233E+01,2.0195E-01
186,191.166667,1.3669E-02,3.5468E+00,1.6491E-01,2.7319E+02,1.7895E+00,1.4644E+01,1.9456E-01
191.166667,196.333333,1.3180E-02,3.4141E+00,1.5853E-01,2.6431E+02,1.7229E+00,1.4144E+01,1.8734E-01
196.333333,201.5,1.2694E-02,3.2847E+00,1.5219E-01,2.5570E+02,1.6577E+00,1.3568E+01,1.8002E-01
201.5,206.666667,1.2217E-02,3.1578E+00,1.4615E-01,2.4717E+02,1.5977E+00,1.3118E+01,1.7306E-01
206.666667,211.833333,1.1747E-02,3.0346E+00,1.4029E-01,2.3821E+02,1.5341E+00,1.2637E+01,1.6632E-01
211.833333,217,1.1275E-02,2.9127E+00,1.3456E-01,2.2909E+02,1.4733E+00,1.2114E+01,1.5969E-01
217,222.166667,1.0820E-02,2.7943E+00,1.2881E-01,2.2057E+02,1.4130E+00,1.1590E+01,1.5284E-01
222.166667,227.333333,1.0394E-02,2.6795E+00,1.2329E-01,2.1234E+02,1.3559E+00,1.1125E+01,1.4641E-01
227.333333,232.5,9.9712E-03,2.5674E+00,1.1809E-01,2.0388E+02,1.3010E+00,1.0658E+01,1.4046E-01
232.5,237.666667,9.5515E-03,2.4577E+00,1.1296E-01,1.9584E+02,1.2452E+00,1.0226E+01,1.3428E-01
237.666667,242.833333,9.1432E-03,2.3518E+00,1.0812E-01,1.8799E+02,1.1914E+00,9.7753E+00,1.2852E-01
242.833333,248,8.7519E-03,2.2498E+00,1.0346E-01,1.8041E+02,1.1407E+00,9.3440E+00,1.2299E-01
248,253.166667,8.3739E-03,2.1496E+00,9.8845E-02,1.7271E+02,1.0896E+00,8.9518E+00,1.1770E-01
253.166667,258.333333,8.0043E-03,2.0566E+00,9.4258E-02,1.6526E+02,1.0437E+00,8.5689E+00,1.1224E-01
258.333333,263.5,7.6604E-03,1.9657E+00,8.9934E-02,1.5859E+02,9.9802E-01,8.2066E+00,1.0712E-01
263.5,268.666667,7.3198E-03,1.8807E+00,8.6056E-02,1.5156E+02,9.5534E-01,7.8061E+00,1.0256E-01
268.666667,273.833333,6.9910E-03,1.7936E+00,8.2194E-02,1.4506E+02,9.1102E-01,7.4649E+00,9.8021E-02
273.833333,279,6.6846E-03,1.7137E+00,7.8458E-02,1.3889E+02,8.7001E-01,7.1144E+00,9.3605E-02
279,284.166667,6.3804E-03,1.6354E+00,7.4758E-02,1.3270E+02,8.3077E-01,6.7868E+00,8.9227E-02
284.166667,289.333333,6.0878E-03,1.5595E+00,7.1188E-02,1.2659E+02,7.9310E-01,6.4774E+00,8.5021E-02
289.333333,294.5,5.8109E-03,1.4867E+00,6.7750E-02,1.2090E+02,7.5724E-01,6.2157E+00,8.0937E-02
294.5,299.666667,5.5518E-03,1.4188E+00,6.4666E-02,1.1570E+02,7.2220E-01,5.9457E+00,7.7248E-02
299.666667,304.833333,5.2916E-03,1.3542E+00,6.1705E-02,1.1032E+02,6.8886E-01,5.6468E+00,7.3838E-02
304.833333,310,5.0491E-03,1.2897E+00,5.8739E-02,1.0560E+02,6.5695E-01,5.3738E+00,7.0343E-02
310,315.166667,4.8121E-03,1.2297E+00,5.6153E-02,1.0064E+02,6.2626E-01,5.1316E+00,6.7155E-02
315.166667,320.333333,4.5802E-03,1.1729E+00,5.3485E-02,9.6023E+01,5.9702E-01,4.9041E+00,6.4008E-02
320.333333,325.5,4.3741E-03,1.1171E+00,5.1072E-02,9.1799E+01,5.6827E-01,4.6632E+00,6.1059E-02
325.5,330.666667,4.1683E-03,1.0644E+00,4.8674E-02,8.7488E+01,5.4161E-01,4.4069E+00,5.8207E-02
330.666667,335.833333,3.9749E-03,1.0132E+00,4.6292E-02,8.3630E+01,5.1533E-01,4.2254E+00,5.5382E-02
335.833333,341,3.7771E-03,9.6357E-01,4.3998E-02,7.9246E+01,4.9014E-01,4.0087E+00,5.2649E-02
341,346.166667,3.5931E-03,9.1707E-01,4.1917E-02,7.5342E+01,4.6591E-01,3.8312E+00,5.0134E-02
346.166667,351.333333,3.4256E-03,8.7359E-01,3.9849E-02,7.1986E+01,4.4492E-01,3.6640E+00,4.7739E-02
351.333333,356.5,3.2696E-03,8.3105E-01,3.7796E-02,6.8801E+01,4.2323E-01,3.4927E+00,4.5290E-02
356.5,361.666667,3.1054E-03,7.9141E-01,3.5988E-02,6.5229E+01,4.0371E-01,3.3086E+00,4.3078E-02
361.666667,366.833333,2.9533E-03,7.5282E-01,3.4275E-02,6.1884E+01,3.8281E-01,3.1408E+00,4.1063E-02
366.833333,372,2.8103E-03,7.1698E-01,3.2568E-02,5.8983E+01,3.6578E-01,3.0003E+00,3.8989E-02
372,377.166667,2.6723E-03,6.8207E-01,3.0994E-02,5.6086E+01,3.4757E-01,2.8398E+00,3.7114E-02
377.166667,382.333333,2.5372E-03,6.4942E-01,2.9521E-02,5.3428E+01,3.3043E-01,2.7038E+00,3.5324E-02
382.333333,387.5,2.4115E-03,6.1756E-01,2.8067E-02,5.0688E+01,3.1435E-01,2.5830E+00,3.3604E-02
387.5,392.666667,2.2931E-03,5.8578E-01,2.6717E-02,4.8231E+01,2.9862E-01,2.4362E+00,3.1991E-02
392.666667,397.833333,2.1845E-03,5.5846E-01,2.5362E-02,4.5941E+01,2.8464E-01,2.3264E+00,3.0379E-02
397.833333,403,2.0778E-03,5.3026E-01,2.4046E-02,4.3800E+01,2.7057E-01,2.1934E+00,2.8858E-02
403,408.166667,1.9768E-03,5.0440E-01,2.2886E-02,4.1708E+01,2.5721E-01,2.1168E+00,2.7466E-02
408.166667,413.333333,1.8748E-03,4.7937E-01,2.1767E-02,3.9492E+01,2.4450E-01,2.0122E+00,2.6101E-02
413.333333,418.5,1.7840E-03,4.5446E-01,2.0650E-02,3.7730E+01,2.3195E-01,1.9012E+00,2.4765E-02
418.5,423.666667,1.6975E-03,4.3229E-01,1.9657E-02,3.5922E+01,2.2049E-01,1.8051E+00,2.3596E-02
423.666667,428.833333,1.6142E-03,4.1107E-01,1.8679E-02,3.4201E+01,2.0989E-01,1.7172E+00,2.2414E-02
428.833333,434,1.5348E-03,3.9046E-01,1.7764E-02,3.2575E+01,1.9937E-01,1.6191E+00,2.1313E-02
434,439.166667,1.4560E-03,3.7062E-01,1.6855E-02,3.0976E+01,1.8978E-01,1.5581E+00,2.0187E-02
439.166667,444.333333,1.3857E-03,3.5263E-01,1.5994E-02,2.9482E+01,1.8028E-01,1.4779E+00,1.9170E-02
444.333333,449.5,1.3184E-03,3.3488E-01,1.5177E-02,2.8030E+01,1.7161E-01,1.4055E+00,1.8240E-02
449.5,454.666667,1.2544E-03,3.1845E-01,1.4478E-02,2.6626E+01,1.6278E-01,1.3275E+00,1.7424E-02
454.666667,459.833333,1.1906E-03,3.0190E-01,1.3760E-02,2.5283E+01,1.5375E-01,1.2644E+00,1.6531E-02
459.833333,465,1.1273E-03,2.8613E-01,1.3048E-02,2.3924E+01,1.4587E-01,1.1914E+00,1.5674E-02
465,470.166667,1.0719E-03,2.7181E-01,1.2331E-02,2.2796E+01,1.3827E-01,1.1349E+00,1.4843E-02
470.166667,475.333333,1.0161E-03,2.5813E-01,1.1730E-02,2.1514E+01,1.3146E-01,1.0722E+00,1.4072E-02
475.333333,480.5,9.6552E-04,2.4637E-01,1.1174E-02,2.0332E+01,1.2574E-01,1.0202E+00,1.3394E-02
480.5,485.666667,9.1940E-04,2.3390E-01,1.0590E-02,1.9455E+01,1.1928E-01,9.7047E-01,1.2710E-02
485.666667,490.833333,8.7146E-04,2.2249E-01,1.0060E-02,1.8427E+01,1.1332E-01,9.3067E-01,1.2088E-02
490.833333,496,8.2734E-04,2.1180E-01,9.5573E-03,1.7489E+01,1.0814E-01,8.8741E-01,1.1485E-02
496,501.166667,7.8604E-04,2.0068E-01,9.0590E-03,1.6651E+01,1.0277E-01,8.4132E-01,1.0858E-02
501.166667,506.333333,7.4502E-04,1.9044E-01,8.6451E-03,1.5838E+01,9.7183E-02,8.0913E-01,1.0396E-02
506.333333,511.5,7.0732E-04,1.8020E-01,8.1367E-03,1.5052E+01,9.2259E-02,7.6546E-01,9.7745E-03
511.5,516.666667,6.7278E-04,1.7081E-01,7.7635E-03,1.4311E+01,8.7380E-02,7.2452E-01,9.3038E-03
*,*,*,*,Apollo-15 + 10% H2O,*,*,*,*
0,5.166667,1.7879E-03,1.2932E-01,6.0231E-03,5.1595E+01,1.2164E-01,5.1066E-01,1.1309E-02
5.166667,10.333333,5.5249E-03,3.7456E-01,1.7323E-02,1.6050E+02,3.7979E-01,1.4641E+00,3.4927E-02
10.333333,15.5,8.6734E-03,5.8171E-01,2.6601E-02,2.5531E+02,5.9913E-01,2.2730E+00,5.4696E-02
15.5,20.666667,1.1371E-02,7.5460E-01,3.4189E-02,3.3762E+02,7.8603E-01,2.9705E+00,7.1388E-02
20.666667,25.833333,1.3606E-02,8.9223E-01,4.0199E-02,4.0598E+02,9.4040E-01,3.5110E+00,8.5040E-02
25.833333,31,1.5347E-02,9.9765E-01,4.4668E-02,4.5986E+02,1.0600E+00,3.9207E+00,9.5457E-02
31,36.166667,1.6670E-02,1.0735E+00,4.7959E-02,5.0109E+02,1.1489E+00,4.2204E+00,1.0334E-01
36.166667,41.333333,1.7628E-02,1.1269E+00,5.0176E-02,5.3130E+02,1.2132E+00,4.4310E+00,1.0891E-01
41.333333,46.5,1.8293E-02,1.1631E+00,5.1687E-02,5.5181E+02,1.2585E+00,4.5684E+00,1.1276E-01
46.5,51.666667,1.8649E-02,1.1780E+00,5.2439E-02,5.6347E+02,1.2812E+00,4.6328E+00,1.1478E-01
51.666667,56.833333,1.8806E-02,1.1846E+00,5.2630E-02,5.6865E+02,1.2912E+00,4.6467E+00,1.1555E-01
56.833333,62,1.8821E-02,1.1808E+00,5.2397E-02,5.6939E+02,1.2912E+00,4.6613E+00,1.1540E-01
62,67.166667,1.8675E-02,1.1704E+00,5.1862E-02,5.6555E+02,1.2819E+00,4.5987E+00,1.1440E-01
67.166667,72.333333,1.8454E-02,1.1537E+00,5.1067E-02,5.5907E+02,1.2655E+00,4.5249E+00,1.1294E-01
72.333333,77.5,1.8135E-02,1.1321E+00,5.0079E-02,5.4943E+02,1.2433E+00,4.4370E+00,1.1091E-01
77.5,82.666667,1.7769E-02,1.1067E+00,4.8952E-02,5.3831E+02,1.2179E+00,4.3460E+00,1.0858E-01
82.666667,87.833333,1.7340E-02,1.0800E+00,4.7761E-02,5.2558E+02,1.1888E+00,4.2324E+00,1.0598E-01
87.833333,93,1.6884E-02,1.0498E+00,4.6322E-02,5.1183E+02,1.1567E+00,4.1270E+00,1.0295E-01
93,98.166667,1.6352E-02,1.0173E+00,4.4993E-02,4.9612E+02,1.1204E+00,3.9956E+00,9.9868E-02
98.166667,103.333333,1.5864E-02,9.8546E-01,4.3565E-02,4.8101E+02,1.0868E+00,3.8687E+00,9.6836E-02
103.333333,108.5,1.5345E-02,9.5279E-01,4.2105E-02,4.6528E+02,1.0506E+00,3.7333E+00,9.3636E-02
108.5,113.666667,1.4827E-02,9.2053E-01,4.0703E-02,4.4984E+02,1.0157E+00,3.6138E+00,9.0524E-02
113.666667,118.833333,1.4312E-02,8.8699E-01,3.9234E-02,4.3380E+02,9.8050E-01,3.4840E+00,8.7361E-02
118.833333,124,1.3786E-02,8.5422E-01,3.7811E-02,4.1829E+02,9.4340E-01,3.3523E+00,8.4164E-02
124,129.166667,1.3240E-02,8.2123E-01,3.6257E-02,4.0204E+02,9.0686E-01,3.2343E+00,8.0703E-02
129.166667,134.333333,1.2725E-02,7.8791E-01,3.4848E-02,3.8626E+02,8.7125E-01,3.1000E+00,7.7641E-02
134.333333,139.5,1.2220E-02,7.5561E-01,3.3448E-02,3.7081E+02,8.3611E-01,2.9756E+00,7.4479E-02
139.5,144.666667,1.1727E-02,7.2684E-01,3.2169E-02,3.5609E+02,8.0293E-01,2.8525E+00,7.1574E-02
144.666667,149.833333,1.1272E-02,6.9814E-01,3.0894E-02,3.4229E+02,7.7157E-01,2.7399E+00,6.8818E-02
149.833333,155,1.0790E-02,6.6887E-01,2.9598E-02,3.2782E+02,7.3882E-01,2.6224E+00,6.5913E-02
155,160.166667,1.0328E-02,6.4033E-01,2.8294E-02,3.1340E+02,7.0697E-01,2.5073E+00,6.3048E-02
160.166667,165.333333,9.8993E-03,6.1337E-01,2.7162E-02,3.0054E+02,6.7765E-01,2.4097E+00,6.0453E-02
165.333333,170.5,9.4601E-03,5.8619E-01,2.5907E-02,2.8718E+02,6.4813E-01,2.3001E+00,5.7713E-02
170.5,175.666667,9.0657E-03,5.6134E-01,2.4775E-02,2.7502E+02,6.2112E-01,2.1962E+00,5.5253E-02
175.666667,180.833333,8.6701E-03,5.3660E-01,2.3673E-02,2.6295E+02,5.9339E-01,2.1043E+00,5.2810E-02
180.833333,186,8.2835E-03,5.1217E-01,2.2645E-02,2.5144E+02,5.6662E-01,2.0053E+00,5.0542E-02
186,191.166667,7.9067E-03,4.8979E-01,2.1611E-02,2.4003E+02,5.4121E-01,1.9217E+00,4.8201E-02
191.166667,196.333333,7.5528E-03,4.6749E-01,2.0620E-02,2.2940E+02,5.1682E-01,1.8352E+00,4.5989E-02
196.333333,201.5,7.2033E-03,4.4687E-01,1.9699E-02,2.1859E+02,4.9334E-01,1.7479E+00,4.3914E-02
201.5,206.666667,6.8870E-03,4.2665E-01,1.8824E-02,2.0920E+02,4.7151E-01,1.6634E+00,4.2013E-02
206.666667,211.833333,6.5731E-03,4.0636E-01,1.7955E-02,1.9965E+02,4.4967E-01,1.5997E+00,4.0090E-02
211.833333,217,6.2744E-03,3.8791E-01,1.7140E-02,1.9064E+02,4.2959E-01,1.5298E+00,3.8217E-02
217,222.166667,5.9953E-03,3.6984E-01,1.6339E-02,1.8197E+02,4.1004E-01,1.4595E+00,3.6481E-02
222.166667,227.333333,5.7212E-03,3.5355E-01,1.5611E-02,1.7375E+02,3.9170E-01,1.3795E+00,3.4847E-02
227.333333,232.5,5.4528E-03,3.3716E-01,1.4876E-02,1.6567E+02,3.7302E-01,1.3245E+00,3.3211E-02
232.5,237.666667,5.1842E-03,3.2082E-01,1.4193E-02,1.5730E+02,3.5486E-01,1.2575E+00,3.1634E-02
237.666667,242.833333,4.9545E-03,3.0562E-01,1.3490E-02,1.5029E+02,3.3878E-01,1.2109E+00,3.0144E-02
242.833333,248,4.7197E-03,2.9209E-01,1.2882E-02,1.4325E+02,3.2312E-01,1.1425E+00,2.8759E-02
248,253.166667,4.4998E-03,2.7774E-01,1.2251E-02,1.3673E+02,3.0777E-01,1.0982E+00,2.7342E-02
253.166667,258.333333,4.2768E-03,2.6354E-01,1.1691E-02,1.2996E+02,2.9213E-01,1.0491E+00,2.6089E-02
258.333333,263.5,4.0735E-03,2.5131E-01,1.1104E-02,1.2370E+02,2.7842E-01,9.8697E-01,2.4792E-02
263.5,268.666667,3.8756E-03,2.3952E-01,1.0567E-02,1.1776E+02,2.6526E-01,9.4640E-01,2.3616E-02
268.666667,273.833333,3.6952E-03,2.2798E-01,1.0104E-02,1.1216E+02,2.5274E-01,8.9118E-01,2.2547E-02
273.833333,279,3.5101E-03,2.1730E-01,9.5656E-03,1.0654E+02,2.4055E-01,8.5146E-01,2.1361E-02
279,284.166667,3.3228E-03,2.0577E-01,9.0740E-03,1.0101E+02,2.2755E-01,8.0334E-01,2.0272E-02
284.166667,289.333333,3.1703E-03,1.9633E-01,8.6914E-03,9.6223E+01,2.1692E-01,7.7367E-01,1.9366E-02
289.333333,294.5,3.0136E-03,1.8625E-01,8.2420E-03,9.1580E+01,2.0618E-01,7.3029E-01,1.8395E-02
294.5,299.666667,2.8635E-03,1.7651E-01,7.8135E-03,8.6969E+01,1.9563E-01,6.9420E-01,1.7431E-02
299.666667,304.833333,2.7260E-03,1.6812E-01,7.4351E-03,8.2739E+01,1.8637E-01,6.6182E-01,1.6618E-02
304.833333,310,2.5855E-03,1.5960E-01,7.0314E-03,7.8500E+01,1.7679E-01,6.2200E-01,1.5722E-02
310,315.166667,2.4526E-03,1.5204E-01,6.6585E-03,7.4542E+01,1.6799E-01,5.9487E-01,1.4866E-02
315.166667,320.333333,2.3386E-03,1.4455E-01,6.3432E-03,7.0997E+01,1.6018E-01,5.6664E-01,1.4219E-02
320.333333,325.5,2.2199E-03,1.3734E-01,6.0548E-03,6.7435E+01,1.5199E-01,5.3865E-01,1.3517E-02
325.5,330.666667,2.1048E-03,1.3037E-01,5.7397E-03,6.3916E+01,1.4412E-01,5.1236E-01,1.2797E-02
330.666667,335.833333,2.0016E-03,1.2381E-01,5.4710E-03,6.0791E+01,1.3715E-01,4.8606E-01,1.2206E-02
335.833333,341,1.9076E-03,1.1814E-01,5.2135E-03,5.7907E+01,1.3058E-01,4.5474E-01,1.1625E-02
341,346.166667,1.8003E-03,1.1163E-01,4.9376E-03,5.4676E+01,1.2324E-01,4.3699E-01,1.1004E-02
346.166667,351.333333,1.7140E-03,1.0571E-01,4.6846E-03,5.2049E+01,1.1707E-01,4.1171E-01,1.0446E-02
351.333333,356.5,1.6278E-03,1.0081E-01,4.4746E-03,4.9497E+01,1.1129E-01,3.9491E-01,9.9601E-03
356.5,361.666667,1.5536E-03,9.5931E-02,4.2365E-03,4.7192E+01,1.0627E-01,3.7467E-01,9.4720E-03
361.666667,366.833333,1.4668E-03,9.0169E-02,3.9923E-03,4.4627E+01,1.0005E-01,3.5677E-01,8.9275E-03
366.833333,372,1.3950E-03,8.6124E-02,3.7811E-03,4.2378E+01,9.5293E-02,3.3450E-01,8.4559E-03
372,377.166667,1.3184E-03,8.1687E-02,3.6024E-03,3.9999E+01,9.0105E-02,3.1989E-01,8.0272E-03
377.166667,382.333333,1.2574E-03,7.7629E-02,3.4514E-03,3.8092E+01,8.6078E-02,3.0704E-01,7.6875E-03
382.333333,387.5,1.1866E-03,7.3376E-02,3.2523E-03,3.6067E+01,8.1192E-02,2.8513E-01,7.2533E-03
387.5,392.666667,1.1248E-03,6.9622E-02,3.0677E-03,3.4173E+01,7.6987E-02,2.7640E-01,6.8491E-03
392.666667,397.833333,1.0732E-03,6.6135E-02,2.9364E-03,3.2642E+01,7.3409E-02,2.5924E-01,6.5577E-03
397.833333,403,1.0246E-03,6.3098E-02,2.7761E-03,3.1145E+01,6.9907E-02,2.4548E-01,6.2189E-03
403,408.166667,9.6796E-04,5.9771E-02,2.6493E-03,2.9434E+01,6.6213E-02,2.3421E-01,5.9135E-03
408.166667,413.333333,9.1481E-04,5.6412E-02,2.4802E-03,2.7732E+01,6.2466E-02,2.1987E-01,5.5490E-03
413.333333,418.5,8.6693E-04,5.3527E-02,2.3779E-03,2.6305E+01,5.9208E-02,2.0770E-01,5.3008E-03
418.5,423.666667,8.2678E-04,5.1159E-02,2.2337E-03,2.5103E+01,5.6646E-02,2.0018E-01,5.0160E-03
423.666667,428.833333,7.8306E-04,4.8549E-02,2.1340E-03,2.3772E+01,5.3652E-02,1.8973E-01,4.7736E-03
428.833333,434,7.3977E-04,4.5993E-02,2.0137E-03,2.2483E+01,5.0856E-02,1.7811E-01,4.5052E-03
434,439.166667,7.0144E-04,4.3419E-02,1.9149E-03,2.1355E+01,4.8019E-02,1.6877E-01,4.2775E-03
439.166667,444.333333,6.6843E-04,4.1036E-02,1.8188E-03,2.0300E+01,4.5595E-02,1.6375E-01,4.0713E-03
444.333333,449.5,6.2942E-04,3.8851E-02,1.7098E-03,1.9115E+01,4.3109E-02,1.5473E-01,3.8332E-03
449.5,454.666667,5.9152E-04,3.6681E-02,1.6219E-03,1.8000E+01,4.0555E-02,1.4105E-01,3.6166E-03
454.666667,459.833333,5.6644E-04,3.4896E-02,1.5599E-03,1.7188E+01,3.8711E-02,1.3764E-01,3.4829E-03
459.833333,465,5.3594E-04,3.3248E-02,1.4681E-03,1.6324E+01,3.6783E-02,1.3049E-01,3.2800E-03
465,470.166667,5.1103E-04,3.1483E-02,1.4053E-03,1.5488E+01,3.4988E-02,1.2442E-01,3.1406E-03
470.166667,475.333333,4.8113E-04,2.9731E-02,1.3152E-03,1.4598E+01,3.2947E-02,1.1527E-01,2.9457E-03
475.333333,480.5,4.5568E-04,2.8112E-02,1.2297E-03,1.3860E+01,3.1246E-02,1.0854E-01,2.7626E-03
480.5,485.666667,4.2808E-04,2.6475E-02,1.1790E-03,1.3049E+01,2.9262E-02,1.0440E-01,2.6179E-03
485.666667,490.833333,4.0865E-04,2.5182E-02,1.1224E-03,1.2438E+01,2.7998E-02,9.9864E-02,2.5034E-03
490.833333,496,3.8707E-04,2.3720E-02,1.0663E-03,1.1758E+01,2.6369E-02,9.4371E-02,2.3727E-03
496,501.166667,3.7142E-04,2.2960E-02,1.0127E-03,1.1272E+01,2.5391E-02,8.9559E-02,2.2671E-03
501.166667,506.333333,3.5379E-04,2.1869E-02,9.6548E-04,1.0734E+01,2.4214E-02,8.5380E-02,2.1557E-03
506.333333,511.5,3.3249E-04,2.0558E-02,9.1657E-04,1.0097E+01,2.2751E-02,8.0328E-02,2.0374E-03
511.5,516.666667,3.1623E-04,1.9483E-02,8.6362E-04,9.6047E+00,2.1586E-02,7.6639E-02,1.9278E-03
*,*,*,*,Apollo-16,*,*,*,*
0,2.5,2.5372E-03,4.3059E-01,2.2418E-02,4.7142E+01,2.4013E-01,1.6844E+00,2.7399E-02
2.5,5,3.8938E-03,6.6247E-01,3.4419E-02,7.3278E+01,3.7093E-01,2.5897E+00,4.2206E-02
5,7.5,5.1627E-03,8.8292E-01,4.5902E-02,9.7933E+01,4.9498E-01,3.4528E+00,5.6320E-02
7.5,10,6.3916E-03,1.0964E+00,5.6958E-02,1.2204E+02,6.1451E-01,4.2860E+00,6.9906E-02
10,12.5,7.6010E-03,1.3076E+00,6.7796E-02,1.4614E+02,7.3420E-01,5.1060E+00,8.3402E-02
12.5,15,8.7745E-03,1.5151E+00,7.8577E-02,1.6986E+02,8.5157E-01,5.9128E+00,9.6884E-02
15,17.5,9.9150E-03,1.7185E+00,8.9044E-02,1.9318E+02,9.6721E-01,6.6644E+00,1.0995E-01
17.5,20,1.1028E-02,1.9186E+00,9.9181E-02,2.1609E+02,1.0812E+00,7.4662E+00,1.2256E-01
20,22.5,1.2105E-02,2.1140E+00,1.0902E-01,2.3855E+02,1.1923E+00,8.2290E+00,1.3483E-01
22.5,25,1.3153E-02,2.3034E+00,1.1878E-01,2.6080E+02,1.2992E+00,8.9893E+00,1.4705E-01
25,27.5,1.4171E-02,2.4878E+00,1.2808E-01,2.8261E+02,1.4036E+00,9.7276E+00,1.5871E-01
27.5,30,1.5163E-02,2.6683E+00,1.3705E-01,3.0408E+02,1.5068E+00,1.0469E+01,1.7007E-01
30,32.5,1.6111E-02,2.8420E+00,1.4588E-01,3.2526E+02,1.6063E+00,1.1146E+01,1.8120E-01
32.5,35,1.7029E-02,3.0094E+00,1.5403E-01,3.4594E+02,1.7014E+00,1.1810E+01,1.9148E-01
35,37.5,1.7908E-02,3.1702E+00,1.6208E-01,3.6582E+02,1.7932E+00,1.2466E+01,2.0189E-01
37.5,40,1.8738E-02,3.3292E+00,1.6944E-01,3.8467E+02,1.8860E+00,1.3092E+01,2.1126E-01
40,42.5,1.9557E-02,3.4818E+00,1.7666E-01,4.0378E+02,1.9750E+00,1.3699E+01,2.2066E-01
42.5,45,2.0331E-02,3.6278E+00,1.8363E-01,4.2164E+02,2.0598E+00,1.4269E+01,2.2982E-01
45,47.5,2.1078E-02,3.7651E+00,1.9007E-01,4.3995E+02,2.1423E+00,1.4848E+01,2.3826E-01
47.5,50,2.1770E-02,3.8957E+00,1.9619E-01,4.5686E+02,2.2185E+00,1.5380E+01,2.4624E-01
50,52.5,2.2432E-02,4.0182E+00,2.0205E-01,4.7333E+02,2.2919E+00,1.5822E+01,2.5404E-01
52.5,55,2.3063E-02,4.1339E+00,2.0736E-01,4.8949E+02,2.3615E+00,1.6316E+01,2.6121E-01
55,57.5,2.3653E-02,4.2435E+00,2.1224E-01,5.0486E+02,2.4280E+00,1.6769E+01,2.6779E-01
57.5,60,2.4225E-02,4.3473E+00,2.1687E-01,5.1987E+02,2.4898E+00,1.7253E+01,2.7417E-01
60,62.5,2.4743E-02,4.4408E+00,2.2104E-01,5.3386E+02,2.5459E+00,1.7622E+01,2.8000E-01
62.5,65,2.5213E-02,4.5294E+00,2.2479E-01,5.4686E+02,2.5986E+00,1.7978E+01,2.8523E-01
65,67.5,2.5670E-02,4.6120E+00,2.2817E-01,5.5974E+02,2.6511E+00,1.8336E+01,2.9014E-01
67.5,70,2.6090E-02,4.6888E+00,2.3119E-01,5.7162E+02,2.6978E+00,1.8673E+01,2.9443E-01
70,72.5,2.6469E-02,4.7556E+00,2.3390E-01,5.8274E+02,2.7399E+00,1.8995E+01,2.9853E-01
72.5,75,2.6824E-02,4.8196E+00,2.3626E-01,5.9360E+02,2.7814E+00,1.9284E+01,3.0212E-01
75,77.5,2.7152E-02,4.8738E+00,2.3831E-01,6.0353E+02,2.8174E+00,1.9510E+01,3.0537E-01
77.5,80,2.7420E-02,4.9189E+00,2.3988E-01,6.1220E+02,2.8463E+00,1.9722E+01,3.0792E-01
80,82.5,2.7657E-02,4.9648E+00,2.4147E-01,6.2009E+02,2.8764E+00,1.9901E+01,3.1053E-01
82.5,85,2.7869E-02,5.0012E+00,2.4258E-01,6.2804E+02,2.9028E+00,2.0006E+01,3.1260E-01
85,87.5,2.8042E-02,5.0282E+00,2.4325E-01,6.3491E+02,2.9212E+00,2.0193E+01,3.1410E-01
87.5,90,2.8208E-02,5.0528E+00,2.4380E-01,6.4146E+02,2.9395E+00,2.0311E+01,3.1535E-01
90,92.5,2.8318E-02,5.0717E+00,2.4388E-01,6.4668E+02,2.9567E+00,2.0409E+01,3.1615E-01
92.5,95,2.8438E-02,5.0836E+00,2.4374E-01,6.5171E+02,2.9679E+00,2.0457E+01,3.1671E-01
95,97.5,2.8504E-02,5.0898E+00,2.4369E-01,6.5604E+02,2.9745E+00,2.0514E+01,3.1733E-01
97.5,100,2.8545E-02,5.0956E+00,2.4312E-01,6.5940E+02,2.9820E+00,2.0545E+01,3.1704E-01
100,102.5,2.8576E-02,5.0914E+00,2.4240E-01,6.6264E+02,2.9856E+00,2.0578E+01,3.1676E-01
102.5,105,2.8585E-02,5.0828E+00,2.4136E-01,6.6554E+02,2.9855E+00,2.0507E+01,3.1616E-01
105,107.5,2.8541E-02,5.0687E+00,2.4020E-01,6.6661E+02,2.9809E+00,2.0493E+01,3.1502E-01
107.5,110,2.8517E-02,5.0539E+00,2.3903E-01,6.6800E+02,2.9780E+00,2.0527E+01,3.1416E-01
110,112.5,2.8463E-02,5.0347E+00,2.3781E-01,6.6867E+02,2.9711E+00,2.0459E+01,3.1316E-01
112.5,115,2.8385E-02,5.0098E+00,2.3618E-01,6.6915E+02,2.9607E+00,2.0331E+01,3.1161E-01
115,117.5,2.8292E-02,4.9860E+00,2.3452E-01,6.6946E+02,2.9524E+00,2.0241E+01,3.1005E-01
117.5,120,2.8161E-02,4.9527E+00,2.3238E-01,6.6873E+02,2.9373E+00,2.0156E+01,3.0775E-01
120,122.5,2.8033E-02,4.9184E+00,2.3025E-01,6.6786E+02,2.9219E+00,2.0045E+01,3.0546E-01
122.5,125,2.7882E-02,4.8834E+00,2.2804E-01,6.6641E+02,2.9060E+00,1.9890E+01,3.0319E-01
125,127.5,2.7711E-02,4.8412E+00,2.2572E-01,6.6376E+02,2.8829E+00,1.9766E+01,3.0057E-01
127.5,130,2.7533E-02,4.8016E+00,2.2342E-01,6.6136E+02,2.8641E+00,1.9603E+01,2.9819E-01
130,132.5,2.7328E-02,4.7609E+00,2.2102E-01,6.5829E+02,2.8433E+00,1.9457E+01,2.9548E-01
132.5,135,2.7135E-02,4.7156E+00,2.1847E-01,6.5540E+02,2.8202E+00,1.9277E+01,2.9251E-01
135,137.5,2.6929E-02,4.6694E+00,2.1586E-01,6.5209E+02,2.7979E+00,1.9095E+01,2.8956E-01
137.5,140,2.6704E-02,4.6233E+00,2.1326E-01,6.4824E+02,2.7756E+00,1.8971E+01,2.8654E-01
140,142.5,2.6460E-02,4.5668E+00,2.1055E-01,6.4401E+02,2.7453E+00,1.8740E+01,2.8339E-01
142.5,145,2.6215E-02,4.5160E+00,2.0760E-01,6.3957E+02,2.7172E+00,1.8531E+01,2.8000E-01
145,147.5,2.5946E-02,4.4610E+00,2.0470E-01,6.3447E+02,2.6880E+00,1.8311E+01,2.7644E-01
147.5,150,2.5675E-02,4.4041E+00,2.0162E-01,6.2898E+02,2.6569E+00,1.8079E+01,2.7271E-01
150,152.5,2.5397E-02,4.3457E+00,1.9863E-01,6.2339E+02,2.6247E+00,1.7855E+01,2.6919E-01
152.5,155,2.5113E-02,4.2897E+00,1.9575E-01,6.1746E+02,2.5962E+00,1.7613E+01,2.6581E-01
155,157.5,2.4821E-02,4.2278E+00,1.9270E-01,6.1123E+02,2.5619E+00,1.7406E+01,2.6202E-01
157.5,160,2.4522E-02,4.1662E+00,1.8970E-01,6.0510E+02,2.5271E+00,1.7148E+01,2.5835E-01
160,162.5,2.4211E-02,4.1052E+00,1.8676E-01,5.9848E+02,2.4938E+00,1.6946E+01,2.5469E-01
162.5,165,2.3890E-02,4.0421E+00,1.8389E-01,5.9180E+02,2.4584E+00,1.6718E+01,2.5116E-01
165,167.5,2.3570E-02,3.9813E+00,1.8098E-01,5.8495E+02,2.4231E+00,1.6446E+01,2.4739E-01
167.5,170,2.3235E-02,3.9212E+00,1.7790E-01,5.7753E+02,2.3896E+00,1.6187E+01,2.4348E-01
170,172.5,2.2915E-02,3.8579E+00,1.7494E-01,5.7040E+02,2.3543E+00,1.5911E+01,2.3974E-01
172.5,175,2.2583E-02,3.7961E+00,1.7183E-01,5.6288E+02,2.3195E+00,1.5637E+01,2.3572E-01
175,177.5,2.2258E-02,3.7344E+00,1.6890E-01,5.5589E+02,2.2843E+00,1.5393E+01,2.3210E-01
177.5,180,2.1909E-02,3.6692E+00,1.6584E-01,5.4811E+02,2.2452E+00,1.5156E+01,2.2817E-01
180,182.5,2.1589E-02,3.6082E+00,1.6282E-01,5.4072E+02,2.2099E+00,1.4926E+01,2.2428E-01
182.5,185,2.1271E-02,3.5484E+00,1.5998E-01,5.3349E+02,2.1753E+00,1.4664E+01,2.2071E-01
185,187.5,2.0937E-02,3.4844E+00,1.5707E-01,5.2584E+02,2.1385E+00,1.4410E+01,2.1697E-01
187.5,190,2.0609E-02,3.4231E+00,1.5399E-01,5.1812E+02,2.1050E+00,1.4166E+01,2.1295E-01
190,192.5,2.0266E-02,3.3640E+00,1.5117E-01,5.1003E+02,2.0699E+00,1.3929E+01,2.0922E-01
192.5,195,1.9939E-02,3.3033E+00,1.4836E-01,5.0233E+02,2.0343E+00,1.3701E+01,2.0552E-01
195,197.5,1.9606E-02,3.2428E+00,1.4548E-01,4.9459E+02,1.9989E+00,1.3421E+01,2.0180E-01
197.5,200,1.9257E-02,3.1810E+00,1.4260E-01,4.8623E+02,1.9619E+00,1.3184E+01,1.9794E-01
200,202.5,1.8937E-02,3.1213E+00,1.3974E-01,4.7855E+02,1.9282E+00,1.2973E+01,1.9426E-01
202.5,205,1.8601E-02,3.0618E+00,1.3695E-01,4.7043E+02,1.8925E+00,1.2708E+01,1.9062E-01
205,207.5,1.8271E-02,3.0036E+00,1.3424E-01,4.6262E+02,1.8577E+00,1.2455E+01,1.8698E-01
207.5,210,1.7936E-02,2.9426E+00,1.3167E-01,4.5480E+02,1.8217E+00,1.2231E+01,1.8354E-01
210,212.5,1.7611E-02,2.8863E+00,1.2904E-01,4.4687E+02,1.7871E+00,1.2021E+01,1.8000E-01
212.5,215,1.7304E-02,2.8306E+00,1.2640E-01,4.3951E+02,1.7556E+00,1.1754E+01,1.7649E-01
215,217.5,1.7000E-02,2.7751E+00,1.2361E-01,4.3204E+02,1.7218E+00,1.1545E+01,1.7282E-01
217.5,220,1.6676E-02,2.7189E+00,1.2123E-01,4.2427E+02,1.6880E+00,1.1308E+01,1.6965E-01
220,222.5,1.6363E-02,2.6641E+00,1.1881E-01,4.1683E+02,1.6547E+00,1.1109E+01,1.6639E-01
222.5,225,1.6051E-02,2.6111E+00,1.1621E-01,4.0925E+02,1.6226E+00,1.0848E+01,1.6282E-01
225,227.5,1.5730E-02,2.5569E+00,1.1380E-01,4.0133E+02,1.5898E+00,1.0652E+01,1.5951E-01
227.5,230,1.5411E-02,2.5047E+00,1.1144E-01,3.9320E+02,1.5580E+00,1.0423E+01,1.5626E-01
230,232.5,1.5121E-02,2.4509E+00,1.0908E-01,3.8581E+02,1.5259E+00,1.0213E+01,1.5309E-01
232.5,235,1.4823E-02,2.4004E+00,1.0665E-01,3.7834E+02,1.4946E+00,9.9929E+00,1.4978E-01
235,237.5,1.4524E-02,2.3504E+00,1.0446E-01,3.7115E+02,1.4646E+00,9.7995E+00,1.4666E-01
237.5,240,1.4230E-02,2.3012E+00,1.0226E-01,3.6408E+02,1.4356E+00,9.5830E+00,1.4369E-01
240,242.5,1.3935E-02,2.2537E+00,1.0007E-01,3.5654E+02,1.4058E+00,9.3894E+00,1.4065E-01
242.5,245,1.3653E-02,2.2067E+00,9.8040E-02,3.4965E+02,1.3767E+00,9.1965E+00,1.3788E-01
245,247.5,1.3382E-02,2.1601E+00,9.5960E-02,3.4296E+02,1.3491E+00,8.9919E+00,1.3505E-01
247.5,250,1.3105E-02,2.1130E+00,9.3793E-02,3.3601E+02,1.3199E+00,8.7908E+00,1.3209E-01
*,*,*,*,Apollo-16 + 10% H2O,*,*,*,*
0,2.5,2.5367E-03,4.3051E-01,2.2416E-02,4.7135E+01,2.4009E-01,1.6842E+00,2.7397E-02
2.5,5,3.8928E-03,6.6233E-01,3.4413E-02,7.3268E+01,3.7085E-01,2.5894E+00,4.2196E-02
5,7.5,5.1614E-03,8.8266E-01,4.5896E-02,9.7903E+01,4.9473E-01,3.4518E+00,5.6308E-02
7.5,10,6.3902E-03,1.0962E+00,5.6943E-02,1.2202E+02,6.1445E-01,4.2841E+00,6.9887E-02
10,12.5,7.5994E-03,1.3073E+00,6.7779E-02,1.4608E+02,7.3393E-01,5.1049E+00,8.3384E-02
12.5,15,8.7727E-03,1.5150E+00,7.8563E-02,1.6982E+02,8.5149E-01,5.9108E+00,9.6866E-02
15,17.5,9.9133E-03,1.7179E+00,8.9023E-02,1.9314E+02,9.6691E-01,6.6624E+00,1.0993E-01
17.5,20,1.1025E-02,1.9181E+00,9.9160E-02,2.1603E+02,1.0810E+00,7.4641E+00,1.2253E-01
20,22.5,1.2101E-02,2.1134E+00,1.0899E-01,2.3847E+02,1.1920E+00,8.2268E+00,1.3480E-01
22.5,25,1.3151E-02,2.3032E+00,1.1875E-01,2.6073E+02,1.2991E+00,8.9871E+00,1.4701E-01
25,27.5,1.4169E-02,2.4871E+00,1.2806E-01,2.8256E+02,1.4033E+00,9.7258E+00,1.5868E-01
27.5,30,1.5160E-02,2.6677E+00,1.3703E-01,3.0402E+02,1.5064E+00,1.0467E+01,1.7005E-01
30,32.5,1.6107E-02,2.8411E+00,1.4582E-01,3.2516E+02,1.6058E+00,1.1138E+01,1.8111E-01
32.5,35,1.7024E-02,3.0084E+00,1.5400E-01,3.4581E+02,1.7009E+00,1.1809E+01,1.9145E-01
35,37.5,1.7904E-02,3.1694E+00,1.6205E-01,3.6575E+02,1.7928E+00,1.2457E+01,2.0186E-01
37.5,40,1.8734E-02,3.3284E+00,1.6941E-01,3.8459E+02,1.8854E+00,1.3091E+01,2.1124E-01
40,42.5,1.9551E-02,3.4807E+00,1.7660E-01,4.0365E+02,1.9743E+00,1.3698E+01,2.2057E-01
42.5,45,2.0327E-02,3.6270E+00,1.8361E-01,4.2157E+02,2.0594E+00,1.4260E+01,2.2979E-01
45,47.5,2.1072E-02,3.7643E+00,1.9001E-01,4.3975E+02,2.1415E+00,1.4846E+01,2.3816E-01
47.5,50,2.1765E-02,3.8948E+00,1.9612E-01,4.5675E+02,2.2180E+00,1.5378E+01,2.4618E-01
50,52.5,2.2427E-02,4.0174E+00,2.0197E-01,4.7318E+02,2.2914E+00,1.5821E+01,2.5397E-01
52.5,55,2.3057E-02,4.1331E+00,2.0733E-01,4.8937E+02,2.3610E+00,1.6314E+01,2.6118E-01
55,57.5,2.3647E-02,4.2426E+00,2.1222E-01,5.0475E+02,2.4275E+00,1.6761E+01,2.6776E-01
57.5,60,2.4220E-02,4.3465E+00,2.1679E-01,5.1979E+02,2.4893E+00,1.7244E+01,2.7410E-01
60,62.5,2.4738E-02,4.4398E+00,2.2102E-01,5.3379E+02,2.5454E+00,1.7620E+01,2.7997E-01
62.5,65,2.5205E-02,4.5284E+00,2.2476E-01,5.4662E+02,2.5979E+00,1.7976E+01,2.8518E-01
65,67.5,2.5663E-02,4.6112E+00,2.2811E-01,5.5952E+02,2.6506E+00,1.8328E+01,2.9004E-01
67.5,70,2.6083E-02,4.6876E+00,2.3109E-01,5.7139E+02,2.6971E+00,1.8672E+01,2.9429E-01
70,72.5,2.6461E-02,4.7543E+00,2.3384E-01,5.8248E+02,2.7390E+00,1.8992E+01,2.9842E-01
72.5,75,2.6817E-02,4.8185E+00,2.3624E-01,5.9348E+02,2.7808E+00,1.9276E+01,3.0209E-01
75,77.5,2.7146E-02,4.8729E+00,2.3828E-01,6.0335E+02,2.8168E+00,1.9502E+01,3.0534E-01
77.5,80,2.7415E-02,4.9181E+00,2.3982E-01,6.1202E+02,2.8458E+00,1.9713E+01,3.0783E-01
80,82.5,2.7652E-02,4.9634E+00,2.4139E-01,6.1992E+02,2.8757E+00,1.9900E+01,3.1046E-01
82.5,85,2.7862E-02,4.9999E+00,2.4248E-01,6.2781E+02,2.9020E+00,2.0004E+01,3.1247E-01
85,87.5,2.8033E-02,5.0270E+00,2.4322E-01,6.3467E+02,2.9204E+00,2.0184E+01,3.1405E-01
87.5,90,2.8203E-02,5.0519E+00,2.4375E-01,6.4137E+02,2.9390E+00,2.0304E+01,3.1527E-01
90,92.5,2.8312E-02,5.0708E+00,2.4387E-01,6.4658E+02,2.9561E+00,2.0400E+01,3.1611E-01
92.5,95,2.8432E-02,5.0823E+00,2.4371E-01,6.5161E+02,2.9672E+00,2.0455E+01,3.1667E-01
95,97.5,2.8497E-02,5.0889E+00,2.4364E-01,6.5581E+02,2.9737E+00,2.0512E+01,3.1724E-01
97.5,100,2.8536E-02,5.0943E+00,2.4303E-01,6.5915E+02,2.9813E+00,2.0536E+01,3.1695E-01
100,102.5,2.8569E-02,5.0902E+00,2.4237E-01,6.6250E+02,2.9848E+00,2.0570E+01,3.1672E-01
102.5,105,2.8578E-02,5.0818E+00,2.4134E-01,6.6541E+02,2.9849E+00,2.0506E+01,3.1612E-01
105,107.5,2.8534E-02,5.0674E+00,2.4017E-01,6.6642E+02,2.9801E+00,2.0491E+01,3.1498E-01
107.5,110,2.8510E-02,5.0527E+00,2.3892E-01,6.6787E+02,2.9774E+00,2.0518E+01,3.1403E-01
110,112.5,2.8457E-02,5.0334E+00,2.3770E-01,6.6856E+02,2.9705E+00,2.0450E+01,3.1304E-01
112.5,115,2.8379E-02,5.0086E+00,2.3607E-01,6.6906E+02,2.9601E+00,2.0323E+01,3.1149E-01
115,117.5,2.8285E-02,4.9851E+00,2.3449E-01,6.6924E+02,2.9518E+00,2.0239E+01,3.1001E-01
117.5,120,2.8155E-02,4.9517E+00,2.3233E-01,6.6855E+02,2.9368E+00,2.0146E+01,3.0766E-01
120,122.5,2.8027E-02,4.9173E+00,2.3023E-01,6.6775E+02,2.9212E+00,2.0043E+01,3.0543E-01
122.5,125,2.7874E-02,4.8824E+00,2.2799E-01,6.6617E+02,2.9054E+00,1.9882E+01,3.0309E-01
125,127.5,2.7705E-02,4.8405E+00,2.2570E-01,6.6367E+02,2.8824E+00,1.9764E+01,3.0053E-01
127.5,130,2.7528E-02,4.8006E+00,2.2332E-01,6.6129E+02,2.8637E+00,1.9603E+01,2.9807E-01
130,132.5,2.7322E-02,4.7598E+00,2.2096E-01,6.5809E+02,2.8425E+00,1.9455E+01,2.9538E-01
132.5,135,2.7129E-02,4.7143E+00,2.1839E-01,6.5527E+02,2.8194E+00,1.9269E+01,2.9243E-01
135,137.5,2.6922E-02,4.6683E+00,2.1584E-01,6.5196E+02,2.7972E+00,1.9093E+01,2.8953E-01
137.5,140,2.6698E-02,4.6224E+00,2.1323E-01,6.4811E+02,2.7751E+00,1.8963E+01,2.8651E-01
140,142.5,2.6455E-02,4.5657E+00,2.1048E-01,6.4393E+02,2.7446E+00,1.8739E+01,2.8332E-01
142.5,145,2.6208E-02,4.5151E+00,2.0758E-01,6.3942E+02,2.7166E+00,1.8523E+01,2.7997E-01
145,147.5,2.5941E-02,4.4599E+00,2.0467E-01,6.3437E+02,2.6873E+00,1.8310E+01,2.7641E-01
147.5,150,2.5668E-02,4.4031E+00,2.0160E-01,6.2877E+02,2.6563E+00,1.8071E+01,2.7267E-01
150,152.5,2.5392E-02,4.3449E+00,1.9858E-01,6.2321E+02,2.6242E+00,1.7847E+01,2.6910E-01
152.5,155,2.5106E-02,4.2884E+00,1.9567E-01,6.1724E+02,2.5954E+00,1.7612E+01,2.6574E-01
155,157.5,2.4816E-02,4.2270E+00,1.9267E-01,6.1113E+02,2.5614E+00,1.7404E+01,2.6199E-01
157.5,160,2.4517E-02,4.1653E+00,1.8967E-01,6.0496E+02,2.5266E+00,1.7140E+01,2.5832E-01
160,162.5,2.4205E-02,4.1042E+00,1.8672E-01,5.9836E+02,2.4933E+00,1.6937E+01,2.5465E-01
162.5,165,2.3883E-02,4.0413E+00,1.8383E-01,5.9158E+02,2.4577E+00,1.6710E+01,2.5106E-01
165,167.5,2.3565E-02,3.9803E+00,1.8094E-01,5.8486E+02,2.4226E+00,1.6445E+01,2.4736E-01
167.5,170,2.3229E-02,3.9202E+00,1.7786E-01,5.7739E+02,2.3891E+00,1.6186E+01,2.4343E-01
170,172.5,2.2909E-02,3.8569E+00,1.7487E-01,5.7026E+02,2.3537E+00,1.5910E+01,2.3964E-01
172.5,175,2.2580E-02,3.7954E+00,1.7180E-01,5.6281E+02,2.3191E+00,1.5637E+01,2.3569E-01
175,177.5,2.2253E-02,3.7336E+00,1.6887E-01,5.5578E+02,2.2838E+00,1.5391E+01,2.3206E-01
177.5,180,2.1905E-02,3.6685E+00,1.6579E-01,5.4799E+02,2.2448E+00,1.5148E+01,2.2809E-01
180,182.5,2.1583E-02,3.6072E+00,1.6276E-01,5.4050E+02,2.2093E+00,1.4925E+01,2.2418E-01
182.5,185,2.1266E-02,3.5476E+00,1.5995E-01,5.3339E+02,2.1748E+00,1.4663E+01,2.2067E-01
185,187.5,2.0933E-02,3.4836E+00,1.5702E-01,5.2579E+02,2.1381E+00,1.4409E+01,2.1689E-01
187.5,190,2.0607E-02,3.4223E+00,1.5396E-01,5.1808E+02,2.1047E+00,1.4159E+01,2.1293E-01
190,192.5,2.0263E-02,3.3631E+00,1.5115E-01,5.0999E+02,2.0696E+00,1.3929E+01,2.0920E-01
192.5,195,1.9934E-02,3.3025E+00,1.4830E-01,5.0221E+02,2.0339E+00,1.3701E+01,2.0543E-01
195,197.5,1.9604E-02,3.2421E+00,1.4546E-01,4.9454E+02,1.9986E+00,1.3421E+01,2.0178E-01
197.5,200,1.9252E-02,3.1800E+00,1.4258E-01,4.8606E+02,1.9615E+00,1.3183E+01,1.9790E-01
200,202.5,1.8932E-02,3.1206E+00,1.3972E-01,4.7843E+02,1.9277E+00,1.2971E+01,1.9422E-01
202.5,205,1.8598E-02,3.0609E+00,1.3692E-01,4.7038E+02,1.8920E+00,1.2708E+01,1.9059E-01
205,207.5,1.8266E-02,3.0026E+00,1.3418E-01,4.6243E+02,1.8572E+00,1.2454E+01,1.8689E-01
207.5,210,1.7932E-02,2.9420E+00,1.3165E-01,4.5468E+02,1.8212E+00,1.2229E+01,1.8351E-01
210,212.5,1.7608E-02,2.8858E+00,1.2901E-01,4.4680E+02,1.7867E+00,1.2020E+01,1.7996E-01
212.5,215,1.7302E-02,2.8300E+00,1.2638E-01,4.3945E+02,1.7552E+00,1.1754E+01,1.7645E-01
215,217.5,1.6997E-02,2.7745E+00,1.2359E-01,4.3197E+02,1.7214E+00,1.1545E+01,1.7279E-01
217.5,220,1.6674E-02,2.7184E+00,1.2121E-01,4.2422E+02,1.6877E+00,1.1307E+01,1.6963E-01
220,222.5,1.6362E-02,2.6636E+00,1.1879E-01,4.1678E+02,1.6543E+00,1.1108E+01,1.6636E-01
222.5,225,1.6047E-02,2.6104E+00,1.1618E-01,4.0914E+02,1.6222E+00,1.0846E+01,1.6278E-01
225,227.5,1.5727E-02,2.5562E+00,1.1377E-01,4.0124E+02,1.5896E+00,1.0650E+01,1.5947E-01
227.5,230,1.5408E-02,2.5042E+00,1.1142E-01,3.9313E+02,1.5576E+00,1.0420E+01,1.5622E-01
230,232.5,1.5117E-02,2.4504E+00,1.0906E-01,3.8571E+02,1.5255E+00,1.0210E+01,1.5305E-01
232.5,235,1.4820E-02,2.3999E+00,1.0662E-01,3.7827E+02,1.4945E+00,9.9909E+00,1.4975E-01
235,237.5,1.4521E-02,2.3499E+00,1.0443E-01,3.7109E+02,1.4643E+00,9.7982E+00,1.4663E-01
237.5,240,1.4227E-02,2.3006E+00,1.0224E-01,3.6402E+02,1.4352E+00,9.5807E+00,1.4367E-01
240,242.5,1.3932E-02,2.2530E+00,1.0006E-01,3.5648E+02,1.4055E+00,9.3870E+00,1.4062E-01
242.5,245,1.3650E-02,2.2063E+00,9.8021E-02,3.4956E+02,1.3764E+00,9.1936E+00,1.3786E-01
245,247.5,1.3379E-02,2.1594E+00,9.5940E-02,3.4288E+02,1.3487E+00,8.9897E+00,1.3502E-01
247.5,250,1.3102E-02,2.1123E+00,9.3775E-02,3.3592E+02,1.3195E+00,8.7888E+00,1.3207E-01
*,*,*,*,*,*,*,*,*